"08121: Balance sheet for non-financial limited companies, by year, contents and industry (SIC2007)",,,,,,,,,,,,,,,,,,,,,
,,,,,,,,,,,,,,,,,,,,,
Column1,Column2,Column3,Column4,Column5,Column6,Column7,Column8,Column9,Column10,Column11,Column12,Column13,Column14,Column15,Column16,Column17,Column18,Column19,Column20,Column21,Column22
,,"Agriculture, forestry and fishing",All industries,Mining and quarrying,Manufacturing,"Electricity, gas and steam","Water supply, sewerage, waste",Construction,Wholesale and retail trade: repair of motor vehicles and motorcycles,Transportation and storage,Accommodation and food service activities,Information and communication,Portfolio investment,Real estate activities,"Professional, scientific and technical activities",Administrative and support service activities,Education,Human health and social work activities,"Arts, entertainment and recreation",Other service activities,Unspecified
2015,Fixed assets (NOK million),135641,8276699,1945686,950756,620401,27825,296782,430865,868998,51197,583751,..,1751118,265891,241969,6379,41390,20760,11254,26038
,Intangible fixed assets (NOK million),26438,329626,78442,30288,28080,878,6102,22332,52427,1343,48909,..,11910,12718,5462,328,1872,1354,418,328
,Tangible fixed assets (NOK million),40467,2744138,858053,123003,205902,13266,113170,64507,382574,15635,55620,..,741363,31174,57947,2719,19796,11052,3629,4263
,Financial fixed assets (NOK million),68736,5202934,1009191,797465,386420,13681,177510,344027,433997,34219,479222,..,997845,221998,178560,3332,19722,8354,7207,21448
,"Investments in subsidiaries, other group companies or associated companies (NOK million)",52150,4007413,810283,637611,283895,9440,120985,279697,320460,28385,434680,..,709887,163889,114245,1900,13633,5471,4710,16092
,"Loans to group companies, associated companies and joint ventures (NOK million)",13019,844900,170454,135754,64518,3532,34041,45685,77963,3764,32742,..,174389,36008,44795,838,2998,1645,465,2292
,Current assets (NOK million),70759,3035304,506772,488090,101752,9841,295362,452279,217479,25777,165702,..,377480,180962,84148,4921,28337,12216,5881,7548
,Inventories (NOK million),21459,384894,29181,85750,1309,597,74408,129706,4220,1369,4595,..,19376,9461,1600,79,700,352,662,69
,Debitors (NOK million),30690,1644435,288620,301378,67474,5692,145139,211605,122748,15937,120436,..,156753,102143,53232,2005,12495,3787,1840,2461
,Accounts receivables (NOK million),14509,574304,70886,122436,14436,2912,85870,102060,40257,2994,34674,..,14355,43324,19869,784,2959,995,852,132
,Investments (NOK million),3532,325123,91420,19239,8650,154,12749,37679,24304,826,5736,..,89147,20023,5387,486,3018,739,779,1254
,Cash and bank deposits etc (NOK million),15078,680852,97551,81723,24318,3398,63066,73289,66206,7645,34935,..,112203,49334,23928,2352,12123,7339,2599,3764
,Total assets (NOK million),206400,11312002,2452457,1438845,722153,37666,592144,883145,1086476,76974,749453,..,2128597,446852,326117,11300,69726,32977,17134,33586
,Equity (NOK million),90671,4979624,851415,676592,328547,11794,222880,406387,437749,29009,425015,..,1069643,224389,135615,4632,27818,12158,8432,16879
,Invested equity (NOK million),44107,3072393,428867,421533,250894,7443,120008,213792,277750,18808,326395,..,639081,171283,109560,2145,9351,11086,6596,13692
,Share capital (NOK million),11054,765100,122265,105205,93781,2468,33869,58629,85987,8424,38479,..,135713,39085,19821,774,2536,3951,1822,1238
,Share premium reserve (NOK million),23073,1910373,265920,252902,141468,4062,67907,125709,157979,6249,252054,..,396498,109802,78509,1174,4679,6610,4116,11662
,Retained earnings (NOK million),46563,1907230,422549,255060,77653,4350,102871,192595,159998,10201,98619,..,430562,53105,26054,2486,18468,1072,1837,3187
,Liabilities (NOK million),115729,6332379,1601042,762253,393606,25872,369264,476758,648728,47965,324438,..,1058954,222463,190503,6668,41908,20819,8702,16707
,Provisions (NOK million),8451,540597,381599,27930,20728,1048,10121,12176,27618,1838,10226,..,29158,3310,4788,88,972,316,171,60
,Other long-term liabilities (NOK million),63825,3253556,734330,271087,240806,17313,160837,135382,438809,22971,139668,..,775767,93199,109978,2788,23060,8405,3970,11363
,Liabilities to financial institutions (NOK million),45118,1220621,62257,64857,76083,11361,90330,49412,225577,10997,29523,..,464434,24085,39995,1433,13804,4040,2464,4850
,Long-term liabilities to group companies (NOK million),8698,1135292,367237,151456,77300,4622,41746,62893,89894,7327,36350,..,196976,41454,36106,759,5944,2147,607,3776
,Short-term liabilities (NOK million),43453,2538225,485113,463235,132072,7511,198306,329200,182301,23156,174544,..,254029,125955,75736,3793,17877,12098,4562,5284
,Trade creditors (NOK million),9625,386282,43840,68326,7832,1961,42289,114887,28205,4454,20053,..,13436,17116,10077,511,1795,1112,669,93
,Short-term liabilities to group companies (NOK million),13479,951245,237648,194119,67312,2064,36194,69951,51406,6767,87458,..,114516,35007,25751,843,4320,1560,660,2192
,Total equity and liabilities (NOK million),206400,11312002,2452457,1438845,722153,37666,592144,883145,1086476,76974,749453,..,2128597,446852,326117,11300,69726,32977,17134,33586
,Number of enterprises,3631,245750,1190,11895,1428,698,35515,39752,9060,8067,11667,..,59988,30525,10859,3087,7961,3676,3811,2940
2016,Fixed assets (NOK million),146174,8372798,1902501,949807,615117,28403,341279,453763,829260,57514,542873,..,1854666,273637,264010,6298,48316,19761,11638,27782
,Intangible fixed assets (NOK million),29115,345642,89001,27582,26941,1042,6105,23333,56646,2304,47111,..,11502,14542,5647,293,2290,1331,434,421
,Tangible fixed assets (NOK million),44847,2800612,814920,136725,215207,13598,121333,67272,375277,17011,61059,..,791086,30019,73179,2821,20385,11041,3926,903
,Financial fixed assets (NOK million),72213,5226545,998579,785499,372969,13763,213840,363158,397337,38199,434703,..,1052078,229075,185185,3184,25640,7389,7277,26457
,"Investments in subsidiaries, other group companies or associated companies (NOK million)",54006,3940408,726637,634109,276441,9570,153205,303756,284926,29685,389725,..,746979,166564,118016,2022,18647,4734,4907,16480
,"Loans to group companies, associated companies and joint ventures (NOK million)",13773,917146,234891,126523,61811,3394,36593,40185,80041,6248,32505,..,184425,39801,45968,518,3690,1684,485,4612
,Current assets (NOK million),94984,3122903,450776,440321,110727,10406,324595,478757,216191,26789,212174,..,413568,184025,90258,5094,31514,13197,7834,11692
,Inventories (NOK million),24276,410238,34333,81778,1815,677,84258,138194,4789,1450,5057,..,21036,8231,1747,108,686,417,721,665
,Debitors (NOK million),43029,1690901,268890,272912,74742,6119,161477,234109,109673,15976,148612,..,173247,96494,60083,2049,13708,3786,2179,3815
,Accounts receivables (NOK million),13833,596343,77207,114410,19131,3325,97916,109950,36749,3198,35773,..,15573,42521,20726,825,3068,1055,906,176
,Investments (NOK million),4394,325137,73483,12148,6715,218,12248,33477,33444,1113,6003,..,100762,25750,5557,392,3594,776,2196,2868
,Cash and bank deposits etc (NOK million),23285,696627,74070,73483,27456,3391,66612,72977,68286,8250,52501,..,118523,53551,22871,2545,13526,8218,2738,4345
,Total assets (NOK million),241158,11495701,2353277,1390128,725844,38809,665874,932521,1045451,84303,755047,..,2268233,457662,354269,11392,79830,32958,19472,39474
,Equity (NOK million),104457,5066003,797191,707409,336983,12965,256999,438977,412962,30836,367127,..,1146798,233299,138244,4520,30048,10688,10271,26229
,Invested equity (NOK million),46627,3201467,473128,438667,255101,8083,147090,220287,285387,20296,281708,..,677656,186153,113064,2071,10759,9772,7113,18505
,Share capital (NOK million),11790,774007,126123,104901,93622,2670,35311,57339,87311,8954,38785,..,135876,40219,19893,775,2851,2952,1849,2787
,Share premium reserve (NOK million),27980,1993551,302572,266987,146952,4246,91678,129825,166439,6785,175741,..,440856,124162,77212,1082,5342,6324,4286,15082
,Retained earnings (NOK million),57831,1864536,324063,268742,81882,4883,109909,218690,127575,10540,85419,..,469142,47145,25181,2449,19289,916,3158,7723
,Liabilities (NOK million),136701,6429698,1556086,682719,388861,25844,408876,493544,632489,53467,387920,..,1121436,224363,216025,6872,49782,22270,9201,13245
,Provisions (NOK million),9436,539028,376025,29224,21398,1204,10245,12015,26268,2101,9346,..,31697,3015,5426,89,941,376,177,47
,Other long-term liabilities (NOK million),71749,3217718,713514,205443,236233,16764,178100,124799,418688,27031,124569,..,827070,91445,129788,2895,28476,9188,3966,8003
,Liabilities to financial institutions (NOK million),43076,1219986,47918,57791,68632,10792,96748,40696,235315,13654,26072,..,491590,20315,42075,1305,14822,4767,2379,2038
,Long-term liabilities to group companies (NOK million),9263,1112406,374885,96407,82017,4158,50106,60587,82177,8198,34233,..,205678,44893,42895,866,9136,2089,1017,3800
,Short-term liabilities (NOK million),55516,2672952,466548,448052,131230,7876,220532,356730,187533,24335,254005,..,262668,129904,80811,3888,20365,12706,5058,5195
,Trade creditors (NOK million),8218,413475,47611,72916,9240,2144,48187,123709,27894,4914,21542,..,12749,18676,10922,529,1950,1309,766,200
,Short-term liabilities to group companies (NOK million),20890,975356,200769,201693,52410,2124,40918,79953,58059,7027,100614,..,125595,47182,27478,778,5962,1601,904,1401
,Total equity and liabilities (NOK million),241158,11495701,2353277,1390128,725844,38809,665874,932521,1045451,84303,755047,..,2268233,457662,354269,11392,79830,32958,19472,39474
,Number of enterprises,3996,263241,1191,12250,1434,749,38509,41527,9321,8757,12879,..,63382,33127,11726,3473,8590,4180,4205,3945
2017,Fixed assets (NOK million),163147,8936630,2072204,947320,648057,29113,347859,470231,852737,63653,637454,..,2043914,284161,249869,8171,61184,22762,14383,20412
,Intangible fixed assets (NOK million),33110,359664,91103,25741,27451,978,6579,23688,62399,2057,49342,..,11951,14163,6015,296,2796,1372,400,223
,Tangible fixed assets (NOK million),51942,2885581,791087,138451,225748,14328,122185,72501,375912,18307,62929,..,854781,35736,77911,3272,21988,12993,3992,1519
,Financial fixed assets (NOK million),78095,5691384,1190014,783127,394858,13807,219095,374042,414426,43290,525183,..,1177182,234262,165943,4602,36400,8397,9991,18669
,"Investments in subsidiaries, other group companies or associated companies (NOK million)",61647,4362380,937704,617501,298738,10233,153117,312900,307637,32813,430049,..,850714,177530,118965,3498,27133,5374,5940,10888
,"Loans to group companies, associated companies and joint ventures (NOK million)",10513,964980,248691,141526,56955,2825,39760,40790,66666,7982,75156,..,199814,32549,28111,556,5851,1683,2114,3438
,Current assets (NOK million),101031,3369446,484967,489188,145532,11510,365341,500170,230563,29095,201822,..,464284,176551,92231,5504,33840,15272,9049,13495
,Inventories (NOK million),27392,444777,36383,82527,1367,810,98500,145387,5626,1584,5395,..,27421,7885,1799,134,630,458,751,728
,Debitors (NOK million),41734,1830249,307008,316842,95877,7039,179247,239375,118609,17460,145837,..,184806,86724,61222,2136,15416,4444,2297,4175
,Accounts receivables (NOK million),14523,648163,91086,115654,21334,3992,108178,116257,43661,3603,39696,..,17650,43797,22192,905,3242,1193,994,207
,Investments (NOK million),7264,356665,60152,8957,11388,194,16641,38299,36632,1321,8290,..,123118,26419,6077,495,4690,1024,2998,2706
,Cash and bank deposits etc (NOK million),24641,737755,81424,80861,36899,3468,70953,77110,69696,8730,42299,..,128939,55523,23133,2739,13104,9347,3003,5886
,Total assets (NOK million),264178,12306076,2557171,1436507,793589,40623,713200,970401,1083300,92748,839276,..,2508198,460712,342100,13675,95023,38034,23432,33907
,Equity (NOK million),123741,5607981,990005,715826,369823,14582,263856,469324,448172,33706,411768,..,1281742,250595,141982,5737,39138,13704,12385,21897
,Invested equity (NOK million),53426,3397263,549053,427797,270988,8563,140602,226052,310467,23750,283284,..,744045,197553,110116,3000,16324,11946,8003,12294
,Share capital (NOK million),12360,757902,110654,102393,93211,3046,35858,56994,89139,9172,36981,..,137298,38870,19704,827,3238,4103,1917,2135
,Share premium reserve (NOK million),34346,2135994,379048,252342,163172,4205,82574,135711,185336,8540,159538,..,495984,128181,74658,1943,8656,7220,5118,9422
,Retained earnings (NOK million),70315,2210717,440952,288029,98835,6018,123254,243272,137705,9956,128484,..,537697,53042,31866,2737,22814,1758,4381,9603
,Liabilities (NOK million),140437,6698095,1567166,720682,423765,26042,449345,501077,635129,59042,427508,..,1226456,210118,200118,7938,55885,24330,11048,12010
,Provisions (NOK million),10333,592183,421920,29581,23044,1185,10369,11717,27746,1897,10054,..,34398,2981,4849,92,1281,462,191,83
,Other long-term liabilities (NOK million),74245,3283012,622437,236597,252081,16048,190753,119880,415529,30114,161149,..,899453,89818,117807,3787,32249,9471,5045,6548
,Liabilities to financial institutions (NOK million),47455,1281913,45755,55537,78714,10972,110296,38568,230560,13282,25953,..,520478,29927,46284,2151,14986,5273,3949,1772
,Long-term liabilities to group companies (NOK million),10123,1125151,330355,111490,78530,4172,48264,59734,84429,7608,77379,..,225051,33547,40146,963,7879,1834,585,3064
,Short-term liabilities (NOK million),55859,2822900,522809,454504,148640,8809,248223,369480,191854,27031,256304,..,292605,117318,77463,4059,22355,14397,5811,5378
,Trade creditors (NOK million),9142,442919,54600,76694,10952,2474,54832,124789,30636,4897,22934,..,14752,19660,11487,666,2102,1371,794,137
,Short-term liabilities to group companies (NOK million),21382,996501,214898,207664,60855,2056,46347,77719,57550,8381,91932,..,138582,30415,25106,802,7609,2351,998,1851
,Total equity and liabilities (NOK million),264178,12306076,2557171,1436507,793589,40623,713200,970401,1083300,92748,839276,..,2508198,460712,342100,13675,95023,38034,23432,33907
,Number of enterprises,4349,275605,1222,12436,1461,779,40627,42076,9568,9151,13960,..,66432,34970,12282,3768,9064,4536,4516,4408
2018,Fixed assets (NOK million),193417,9566249,2147987,957149,706332,26785,397983,497125,863311,73516,647540,..,2162787,309251,275856,8072,66990,26411,16494,189245
,Intangible fixed assets (NOK million),39070,319281,86527,27582,27465,809,7532,26833,12603,2076,50173,..,11996,15075,5612,317,3328,1374,420,490
,Tangible fixed assets (NOK million),60992,3024690,818052,150575,239119,12788,139904,84833,377334,24535,68305,..,876567,38925,80186,3427,24550,14354,5028,5217
,Financial fixed assets (NOK million),93354,6222279,1243408,778991,439749,13188,250547,385459,473374,46905,529062,..,1274224,255251,190058,4328,39112,10683,11046,183537
,"Investments in subsidiaries, other group companies or associated companies (NOK million)",74168,4788483,948299,614456,333163,10180,166435,316638,365422,35566,475230,..,927956,185710,147084,3129,27052,7497,6040,144457
,"Loans to group companies, associated companies and joint ventures (NOK million)",12191,997499,251148,138183,64800,2280,51286,46666,72067,8348,32275,..,212723,40758,30845,527,7833,1786,1959,21824
,Current assets (NOK million),111623,3573394,509947,472472,159423,12140,398463,528232,236434,38753,212913,..,472181,192804,103020,6315,36085,16716,8799,57075
,Inventories (NOK million),30439,474723,31816,92489,1930,898,105888,152513,5825,1725,4853,..,30677,8225,1857,158,651,545,766,3467
,Debitors (NOK million),46495,1929825,321407,284759,95895,7533,201044,256323,139295,20159,137025,..,195033,105095,67411,2656,16181,5131,2458,25922
,Accounts receivables (NOK million),16649,675838,86468,117258,26726,3965,117150,118133,46979,3903,39756,..,17274,49998,24616,987,3297,1286,887,504
,Investments (NOK million),6917,376708,59222,13776,16534,374,17454,40957,31365,6791,8042,..,121940,25252,6258,459,4775,1297,2433,12861
,Cash and bank deposits etc (NOK million),27771,792138,97501,81447,45063,3336,74077,78438,59948,10078,62992,..,124531,54231,27494,3042,14478,9743,3141,14826
,Total assets (NOK million),305040,13139643,2657934,1429620,865755,38924,796446,1025356,1099744,112268,860453,..,2634968,502055,378876,14387,103075,43127,25293,246320
,Equity (NOK million),147987,6201750,1063847,737180,420088,15326,289165,478546,467072,47106,491593,..,1355628,270762,165305,6341,43217,17210,12828,172550
,Invested equity (NOK million),67190,3827353,539237,439920,305120,9487,155751,227420,356500,30218,346468,..,828873,218517,128183,3735,18884,14633,8009,129207
,Share capital (NOK million),14093,774264,109734,109023,92850,2553,37387,51789,93943,10753,37679,..,133088,43302,19438,837,3332,4907,2008,7549
,Share premium reserve (NOK million),45835,2510392,367426,257442,196036,4354,93606,140366,207196,14175,239489,..,579085,139654,89056,2655,9204,8765,4976,111073
,Retained earnings (NOK million),80798,2374397,524609,297260,114968,5839,133413,251126,110572,16888,145125,..,526755,52245,37122,2606,24334,2577,4819,43343
,Liabilities (NOK million),157053,6937893,1594088,692441,445667,23598,507281,546810,632673,65163,368860,..,1279340,231293,213572,8046,59857,25916,12465,73770
,Provisions (NOK million),10701,638436,458044,29567,24125,961,10777,11112,35463,1910,11022,..,34925,2771,4629,90,1336,508,177,319
,Other long-term liabilities (NOK million),83883,3307987,552925,242502,256498,11852,226833,139025,369356,34557,130613,..,941055,97677,115720,3443,33029,10836,5581,52603
,Liabilities to financial institutions (NOK million),51873,1295067,33604,59407,77045,7621,134871,47469,197065,15644,18382,..,521950,34944,43829,1871,16512,6158,4238,22584
,Long-term liabilities to group companies (NOK million),12294,1122251,271146,117473,87809,2485,56500,51683,87571,10040,58086,..,266291,37374,35931,939,6734,2286,708,16900
,Short-term liabilities (NOK million),62469,2991470,583118,420371,165045,10786,269671,396673,227854,28696,227225,..,303360,130846,93222,4514,25492,14573,6707,20848
,Trade creditors (NOK million),9896,463223,53631,81020,15057,2629,58925,129612,32780,5302,20611,..,14172,22819,11119,594,2078,1471,852,655
,Short-term liabilities to group companies (NOK million),21074,1006725,239731,153636,39092,2507,55247,97389,78222,8579,78320,..,137590,32374,39079,875,9551,2388,1600,9473
,Total equity and liabilities (NOK million),305040,13139643,2657934,1429620,865755,38924,796446,1025356,1099744,112268,860453,..,2634968,502055,378876,14387,103075,43127,25293,246320
,Number of enterprises,4765,282853,1282,13079,1526,815,43599,43502,9796,9785,14786,..,57911,36853,12830,4015,9555,4962,4783,9009
2019,Fixed assets (NOK million),212214,10409306,2311801,1009041,807731,26250,443914,505737,813901,71564,733205,..,2312489,335619,335967,8944,69362,29347,16168,366053
,Intangible fixed assets (NOK million),43306,351426,97961,27533,27715,712,8367,26745,12661,1936,56319,..,11633,22291,6846,322,3901,1395,1048,733
,Tangible fixed assets (NOK million),70408,3340225,941033,163251,266205,13511,156575,90622,402032,26640,83469,..,931368,40336,93362,3900,24993,16448,5744,10329
,Financial fixed assets (NOK million),98499,6717654,1272807,818257,513810,12027,278972,388370,399208,42988,593416,..,1369489,272992,235760,4722,40469,11504,9376,354990
,"Investments in subsidiaries, other group companies or associated companies (NOK million)",78364,5123284,975100,639569,376548,8608,182869,317054,301731,30558,504666,..,985378,203172,183335,3447,28175,8242,6568,289898
,"Loans to group companies, associated companies and joint ventures (NOK million)",14283,1098546,236733,154726,85262,2545,58954,49318,62362,9423,69863,..,232714,38943,37555,632,8274,1803,1921,33236
,Current assets (NOK million),112647,3705318,517093,467675,143315,12911,434089,539822,238863,42572,203244,..,509472,208393,108447,6801,36449,17597,10621,95308
,Inventories (NOK million),33251,505472,40199,93660,1348,886,115234,160697,5985,1833,4460,..,32682,5051,2189,171,636,607,785,5797
,Debitors (NOK million),43463,1981781,347365,281538,91356,7940,216124,255810,137102,22354,137073,..,208178,116059,66605,2572,15760,5423,2539,24520
,Accounts receivables (NOK million),12827,684704,88895,122387,23673,3947,119415,115743,47538,3932,43383,..,17924,53300,24376,1055,3361,1305,907,735
,Investments (NOK million),8305,448292,:,17753,10044,437,19140,42902,30790,7810,10999,..,140420,26932,7207,590,5559,1361,2921,:
,Cash and bank deposits etc (NOK million),27627,769774,:,74724,40566,3649,83591,80414,64986,10575,50712,..,128193,60350,32446,3468,14493,10207,4376,:
,Total assets (NOK million),324860,14114624,2828894,1476716,951046,39160,878002,1045560,1052764,114136,936449,..,2821961,544012,444414,15745,105811,46944,26789,461361
,Equity (NOK million),160681,6786436,1126418,777223,500413,15703,324788,492938,435068,43142,521041,..,1466596,290098,211460,7246,47165,19167,12868,334423
,Invested equity (NOK million),72494,4173691,562384,473681,347223,8849,164949,215068,350527,25227,363076,..,887827,223088,164998,3929,23475,14335,9134,263429
,Share capital (NOK million),15742,765898,107538,108648,93217,2175,38222,49202,93318,6203,36294,..,131580,41121,19231,840,3303,4837,1766,12660
,Share premium reserve (NOK million),50614,2868762,398090,278742,235420,3981,97627,132968,207375,12096,276056,..,646565,142545,125200,2826,9659,8323,6237,234438
,Retained earnings (NOK million),88187,2612746,564034,303541,153190,6854,159840,277870,84541,17915,157965,..,578768,67010,46462,3318,23690,4833,3734,70994
,Liabilities (NOK million),164179,7328188,1702476,699493,450633,23458,553214,552622,617696,70994,415408,..,1355365,253914,232954,8499,58646,27777,13921,126938
,Provisions (NOK million),11562,718408,509870,30838,28052,1022,12608,12098,30184,1703,19381,..,36317,8158,13450,90,1169,532,179,1194
,Other long-term liabilities (NOK million),96973,3617245,602021,265227,270429,11697,249277,143429,359696,38577,194818,..,1010274,100599,124813,3867,32448,12219,6141,94739
,Liabilities to financial institutions (NOK million),58270,1451363,88652,65661,78638,8431,145168,47639,195100,19512,25857,..,561054,39276,50565,2122,16618,6327,3835,38638
,Long-term liabilities to group companies (NOK million),15165,1191681,245726,119317,108350,2151,64516,56631,80497,9586,78129,..,293786,31290,43065,963,5229,1853,726,34699
,Short-term liabilities (NOK million),55643,2992534,590585,403428,152152,10739,291328,397095,227816,30714,201209,..,308775,145156,94691,4541,25029,15025,7601,31005
,Trade creditors (NOK million),10357,483940,64799,81551,16210,2842,59374,129511,35267,5204,23838,..,15124,21417,12565,652,2058,1497,703,972
,Short-term liabilities to group companies (NOK million),21116,1065141,258461,153462,39762,2780,65820,97463,74109,9986,77097,..,159632,42276,35069,889,9724,2613,2414,12470
,Total equity and liabilities (NOK million),324860,14114624,2828894,1476716,951046,39160,878002,1045560,1052764,114136,936449,..,2821961,544012,444414,15745,105811,46944,26789,461361
,Number of enterprises,4935,293422,1300,12937,1596,840,44796,42655,9698,9845,15216,..,59253,37709,13033,4105,9892,5217,4901,15494
2020,Fixed assets (NOK million),260117,10925735,2293841,1005317,888789,30274,448119,565494,839080,72588,766135,..,2496614,352334,305494,8988,75675,30052,15755,471069
,Intangible fixed assets (NOK million),53470,374473,90698,31504,28889,740,8602,28549,15260,1916,64193,..,12831,22151,6978,479,4708,1391,507,1606
,Tangible fixed assets (NOK million),82697,3456897,971241,159924,283680,15288,128651,94985,386369,27000,91200,..,1010092,38636,97201,3596,22766,17299,5927,20343
,Financial fixed assets (NOK million),123950,7094364,1231901,813889,576220,14246,310866,441960,437450,43672,610743,..,1473691,291546,201314,4912,48201,11362,9321,449121
,"Investments in subsidiaries, other group companies or associated companies (NOK million)",100866,5351113,932699,645840,418946,9993,209853,371241,315013,30275,512997,..,1023708,221457,154579,3297,30433,7413,6143,356361
,"Loans to group companies, associated companies and joint ventures (NOK million)",15636,1181423,:,143938,91949,3312,65178,47069,81801,10042,77112,..,282215,37807,33645,:,11941,2235,2314,40241
,Current assets (NOK million),123032,4033021,528054,519082,132398,14750,443387,611020,218413,41598,267109,..,598216,244831,112720,7442,40400,19539,12817,98212
,Inventories (NOK million),37298,515729,39841,93248,1114,902,116218,159509,4618,1759,3697,..,40694,5694,2237,134,699,556,837,6676
,Debitors (NOK million),46651,2067094,307600,306036,79836,8767,212198,294837,109248,19947,171596,..,251420,125741,73896,2872,17203,5779,2315,31150
,Accounts receivables (NOK million),11745,660099,76019,132392,19251,4159,114799,114708,37868,2735,45473,..,21505,47382,23570,956,3296,1243,890,2108
,Investments (NOK million),10024,521766,:,22526,7592,429,20863,48039,34238,9023,14123,..,162529,32215,7196,:,6157,1699,5079,33443
,Cash and bank deposits etc (NOK million),29059,928432,:,97272,43856,4652,94108,108635,70309,10869,77692,..,143572,81182,29392,:,16342,11505,4586,26943
,Total assets (NOK million),383149,14958756,2821895,1524400,1021187,45024,891507,1176513,1057493,114186,1033244,..,3094830,597165,418214,16430,116075,49591,28572,569281
,Equity (NOK million),198054,7138817,1078051,783948,539810,17521,346496,586855,447578,48459,528973,..,1556343,327988,186776,7630,51404,19437,14088,399407
,Invested equity (NOK million),92686,4526623,595859,492989,387633,9914,179421,262873,398875,29051,386531,..,913523,265067,141755,3907,24125,15224,8263,318928
,Share capital (NOK million),16876,767021,111139,108244,95632,2618,36327,50169,82516,5964,32370,..,133957,34471,19667,836,3206,4951,1624,26454
,Share premium reserve (NOK million),68114,3097995,399996,292544,272872,4490,114474,177209,252291,13120,269206,..,658602,181065,97260,2757,14625,8468,5326,265577
,Retained earnings (NOK million),105368,2612193,482192,290959,152177,7607,167074,323982,48703,19408,142442,..,642820,62921,45021,3723,27279,4213,5825,80480
,Liabilities (NOK million),185095,7819939,1743844,740452,481377,27503,545011,589658,609915,65727,504271,..,1538487,269177,231438,8800,64672,30154,14485,169873
,Provisions (NOK million),13171,815236,591344,32380,35717,1109,12629,12775,33329,1207,18574,..,38489,7684,14017,76,1105,547,178,905
,Other long-term liabilities (NOK million),109705,3963970,668138,274097,310328,14165,239741,146554,382378,34017,235791,..,1151589,99045,118282,3698,34320,13362,6912,121848
,Liabilities to financial institutions (NOK million),68012,1534392,78870,68797,87523,10282,129387,49270,198782,17596,33229,..,620384,38803,48029,2285,20509,6941,4374,51320
,Long-term liabilities to group companies (NOK million),15535,1312119,238632,116849,127054,2595,70589,69011,96173,10799,83752,..,352183,31198,42434,833,8630,1837,825,43191
,Short-term liabilities (NOK million),62219,3040733,484362,433975,135333,12230,292641,430330,194208,30502,249906,..,348409,162447,99138,5026,29246,16245,7395,47120
,Trade creditors (NOK million),11467,482206,44519,82275,11728,2934,57642,136894,45243,5149,27839,..,15610,21905,12447,694,2270,1603,758,1229
,Short-term liabilities to group companies (NOK million),21730,1147004,252902,169289,32265,3198,73487,106985,53896,12916,110130,..,181771,52920,39270,1276,10354,2827,2013,19776
,Total equity and liabilities (NOK million),383149,14958756,2821895,1524400,1021187,45024,891507,1176513,1057493,114186,1033244,..,3094830,597165,418214,16430,116075,49591,28572,569281
,Number of enterprises,5271,313139,1328,13171,1717,886,45147,43627,9869,10407,16328,..,66427,39641,13539,4245,10282,5442,5203,20609
2021,Fixed assets (NOK million),296720,11948491,2270665,1065402,955064,34649,532892,568705,931485,99165,1029410,..,2709619,436061,311101,8410,81597,30648,16136,570761
,Intangible fixed assets (NOK million),59744,416769,106417,32969,38095,630,8567,28559,17534,1898,68868,..,13293,23459,6899,549,5416,1654,818,1398
,Tangible fixed assets (NOK million),93255,3603204,999930,164413,294779,16116,141652,95140,385503,30559,101495,..,1060543,46205,100438,2989,21564,15202,4709,28713
,Financial fixed assets (NOK million),143721,7928519,1164318,868020,622190,17903,382673,445005,528448,66709,859047,..,1635783,366398,203763,4871,54617,13792,10609,540651
,"Investments in subsidiaries, other group companies or associated companies (NOK million)",115852,6007895,913864,679679,462349,11700,270653,366023,399795,53254,704402,..,1130706,288009,156542,3527,33280,9890,8044,400328
,"Loans to group companies, associated companies and joint ventures (NOK million)",17603,1300750,199814,159269,96461,5348,71434,50706,89499,9924,128344,..,331419,41385,35655,627,16106,2235,1687,43234
,Current assets (NOK million),142332,5297870,1225547,576825,258122,17860,493340,701395,267467,56644,254263,..,666017,290373,111646,7014,49007,21496,11735,146788
,Inventories (NOK million),38990,575251,47579,102244,1400,1184,121554,182602,5950,2135,4902,..,49027,6481,2016,148,787,587,912,6752
,Debitors (NOK million),51391,2833933,781273,340077,173716,10661,246256,342385,145032,29302,160051,..,275074,130583,70926,2765,23384,6490,3020,41548
,Accounts receivables (NOK million),14765,868298,:,128894,51802,4763,126972,133122,45107,3718,47966,..,25765,52723,26255,:,3783,1558,977,4187
,Investments (NOK million),14028,743300,:,27737,12956,463,27328,67616,36247,10645,15506,..,179059,61174,7555,:,6884,1996,3510,58863
,Cash and bank deposits etc (NOK million),37924,1145385,185992,106767,70050,5551,98203,108791,80238,14563,73805,..,162856,92135,31148,3071,17952,12423,4292,39625
,Total assets (NOK million),439052,17246361,3496213,1642227,1213186,52508,1026232,1270099,1198952,155810,1283674,..,3375636,726434,422746,15424,130603,52144,27870,717549
,Equity (NOK million),229871,8169685,1195880,798267,572284,20487,406144,624925,575870,71203,748483,..,1703317,439048,189936,7410,54862,20168,13481,498047
,Invested equity (NOK million),100777,5084108,588122,500435,415257,11286,220404,251746,479391,40274,576858,..,976632,343322,149500,5098,24673,14902,7488,377942
,Share capital (NOK million),18148,768321,106093,106370,97239,2694,37200,49921,81497,6585,40356,..,134078,38948,16334,834,3354,3919,1502,23248
,Share premium reserve (NOK million),73360,3569924,388776,300815,288008,5124,148439,163724,323256,20218,437891,..,718556,264159,101968,3848,15348,9669,4716,302050
,Retained earnings (NOK million),129094,3085577,607758,297832,157027,9201,185739,373180,96479,30929,171625,..,726685,95726,40437,2312,30189,5265,5993,120105
,Liabilities (NOK million),209181,9076676,2300333,843960,640902,32021,620089,645174,623082,84606,535191,..,1672319,287386,232810,8014,75742,31977,14389,219501
,Provisions (NOK million),14211,938060,694369,32839,41011,1221,14217,15691,35129,656,22380,..,43021,6131,13996,77,852,488,216,1553
,Other long-term liabilities (NOK million),124927,4083208,558483,281494,316537,16578,282798,145974,375160,44737,263412,..,1239170,107887,112612,3312,38895,13468,7130,150635
,Liabilities to financial institutions (NOK million),76788,1544758,67648,62843,81929,10158,144688,48881,194101,20619,37072,..,647002,39397,38234,2078,19994,6836,4979,41511
,Long-term liabilities to group companies (NOK million),21013,1315570,133131,121119,126320,5321,91199,60298,89612,17625,95090,..,392777,31372,41769,686,11842,1979,550,73867
,Short-term liabilities (NOK million),70043,4055408,1047481,529626,283354,14222,323074,483508,212793,39213,249398,..,390128,173369,106203,4624,35994,18020,7043,67314
,Trade creditors (NOK million),12573,570431,68406,98207,28113,3359,64541,151099,41628,5417,32105,..,18474,22133,16712,517,2511,1745,834,2059
,Short-term liabilities to group companies (NOK million),25890,1589843,548824,197326,82894,4170,79822,123356,65658,16943,99127,..,198022,55106,38481,1134,12642,3388,1319,35741
,Total equity and liabilities (NOK million),439052,17246361,3496213,1642227,1213186,52508,1026232,1270099,1198952,155810,1283674,..,3375636,726434,422746,15424,130603,52144,27870,717549
,Number of enterprises,5604,331371,1298,13412,1726,904,47366,44462,10060,11040,17296,..,69756,41287,13907,4409,10841,5756,5442,26805
2022,Fixed assets (NOK million),398109,13368857,2596730,1185586,1071760,43847,596681,679027,1020169,105247,1103757,:,2936889,527313,368821,8052,88617,38773,19209,580268
,Intangible fixed assets (NOK million),67824,577598,227151,35237,54542,867,8953,30635,13974,1771,77489,:,14299,26687,8508,826,4152,1674,872,2135
,Tangible fixed assets (NOK million),103793,3799360,998729,190249,307064,18681,154253,103515,406605,27391,114728,:,1123390,41742,127531,2906,20990,15940,4766,37089
,Financial fixed assets (NOK million),226492,8991899,1370850,960099,710155,24299,433476,544877,599591,76085,911540,:,1799201,458884,232782,4320,63475,21159,13572,541044
,"Investments in subsidiaries, other group companies or associated companies (NOK million)",154257,6757708,1099093,761490,512427,18119,306497,435868,434456,63664,741297,:,1253941,366332,172633,2877,37878,13012,7970,375895
,"Loans to group companies, associated companies and joint ventures (NOK million)",53999,1552961,213723,171504,137805,4932,84337,75066,130806,9127,127405,:,363132,50888,43079,664,20197,3612,2435,60252
,Current assets (NOK million),248498,6439256,1681675,624820,459187,18612,541234,753129,315775,58427,292202,:,715872,309227,140954,7181,47103,23841,11744,189774
,Inventories (NOK million),48735,678030,:,132658,:,1262,135232,221069,7084,2488,5512,:,54287,7269,2665,179,801,757,973,7809
,Debitors (NOK million),137127,3601095,1113484,347981,279779,12139,280982,372525,191258,37916,193859,:,318621,147196,97210,2707,21584,7817,2624,36287
,Accounts receivables (NOK million),32026,1011216,217780,151676,61432,4785,141847,159023,52221,4705,57691,:,26354,58988,31985,1093,4497,1786,1168,2161
,Investments (NOK million),15117,916710,:,29803,:,438,26104,62019,36398,3068,20043,:,178782,61450,10761,942,7614,2185,2880,101497
,Cash and bank deposits etc (NOK million),47519,1243421,211548,114378,129192,4773,98916,97516,81035,14956,72788,:,164181,93313,30318,3353,17104,13082,5266,44181
,Total assets (NOK million),646607,19808113,4278405,1810406,1530948,62459,1137915,1432156,1335944,163674,1395959,:,3652761,836540,509775,15233,135720,62614,30953,770042
,Equity (NOK million),292397,9254273,1533616,891903,653719,25656,448299,693412,611112,75768,820306,:,1815979,517290,218792,7439,58420,25497,15475,549192
,Invested equity (NOK million),130571,5644741,599983,532011,484837,14088,249986,321769,498284,46041,640805,:,1078719,375922,195338,3537,28417,17987,8763,417684
,Share capital (NOK million),19093,769735,104861,105844,100331,3145,37774,50914,73230,6097,47867,:,133878,38134,16385,913,3188,4051,1835,22194
,Share premium reserve (NOK million),89088,4090867,438536,308011,348923,7772,170738,218287,351663,25618,507001,:,806962,297196,138025,2213,17270,12346,5919,345301
,Retained earnings (NOK million),161826,3609532,933633,359893,168882,11568,198313,371644,112828,29728,179502,:,737260,141368,23454,3902,30003,7510,6712,131508
,Liabilities (NOK million),354210,10553839,2744789,918503,877228,36803,689617,738744,724831,87906,575653,:,1836782,319251,290983,7794,77300,37117,15478,220850
,Provisions (NOK million),17991,983243,723365,34329,49113,1387,13753,17073,27713,4296,23733,:,45166,6264,15515,91,959,530,221,1744
,Other long-term liabilities (NOK million),181081,4492790,541491,309739,344756,19767,313683,189866,443296,38457,269563,:,1367902,117864,139419,2907,42175,15656,6796,148372
,Liabilities to financial institutions (NOK million),84640,1662290,39413,74794,67960,12892,160710,71491,201776,21225,38023,:,725334,34821,50394,1426,25090,7404,4696,40202
,Long-term liabilities to group companies (NOK million),60352,1523723,129572,128057,126500,4304,102298,78679,134130,11820,115010,:,439574,46019,54479,721,12873,2716,508,76109
,Short-term liabilities (NOK million),155139,5077807,1479933,574435,483359,15649,362181,531804,253822,45154,282356,:,423714,195123,136048,4796,34166,20931,8461,70734
,Trade creditors (NOK million),41695,685846,67426,115133,36434,3810,74004,175331,49154,6805,40286,:,22541,25401,19327,580,2627,2146,926,2220
,Short-term liabilities to group companies (NOK million),65565,1994743,694541,197587,169946,4493,94506,136279,91613,18429,122625,:,227867,60028,54808,996,14534,3927,2164,34833
,Total equity and liabilities (NOK million),646607,19808113,4278405,1810406,1530948,62459,1137915,1432156,1335944,163674,1395959,:,3652761,836540,509775,15233,135720,62614,30953,770042
,Number of enterprises,5874,346452,1275,13388,1754,910,48222,44609,10163,11254,18400,:,72260,42932,14360,4614,11302,6102,5630,33403
2023,Fixed assets (NOK million),450460,14273009,2581327,1295609,1117648,45298,647728,739190,1171576,117245,1429405,..,3111043,585071,357765,8621,98387,40364,20711,455562
,Intangible fixed assets (NOK million),69030,587599,213532,41855,45372,934,10673,34341,15887,1701,85518,..,16731,32699,9519,671,4076,1614,849,2599
,Tangible fixed assets (NOK million),116839,4028064,1059408,198655,321680,19617,141975,110513,441526,33155,137940,..,1219289,44986,124845,3023,18959,17030,4906,13718
,Financial fixed assets (NOK million),264591,9657346,1308387,1055099,750596,24747,495080,594336,714163,82389,1205947,..,1875023,507386,223401,4927,75353,21720,14956,439245
,"Investments in subsidiaries, other group companies or associated companies (NOK million)",183193,7301615,1074246,819399,555156,18457,337908,477896,547698,60051,1020034,..,1287645,390531,169237,3306,44839,11704,9289,291030
,"Loans to group companies, associated companies and joint ventures (NOK million)",66763,1616856,178622,205460,139478,5405,109496,66805,129378,12503,144873,..,399964,63941,36211,798,24301,4113,2458,26286
,Current assets (NOK million),300066,6259683,1204478,742515,321110,19879,560010,767733,377502,69342,353321,..,761705,329781,152285,7436,53554,25781,11656,201529
,Inventories (NOK million),56725,706967,:,136938,2526,1310,146866,223650,6788,2701,6789,..,52988,8443,2650,:,910,798,1016,9881
,Debitors (NOK million),188058,3423887,683108,452110,215216,12647,288258,376647,243080,44295,236085,..,337564,163062,101794,2627,26112,7922,3030,42272
,Accounts receivables (NOK million),42833,967071,160764,151321,43448,5823,139093,162956,57308,5299,62855,..,24226,65352,33262,1158,5752,1967,1377,2281
,Investments (NOK million),14368,957515,:,34786,13833,675,26651,66596,33310,6383,24145,..,212312,74094,13404,:,8854,3415,3114,108072
,Cash and bank deposits etc (NOK million),40914,1171314,163280,118681,89536,5248,98234,100840,94323,15963,86301,..,158842,84182,34438,3408,17678,13646,4497,41304
,Total assets (NOK million),750526,20532692,3785805,2038124,1438758,65177,1207737,1506923,1549078,186587,1782726,..,3872748,914852,510050,16057,151941,66145,32368,657091
,Equity (NOK million),327058,9819881,1315870,1015741,674823,26737,469490,752647,734098,80996,1113409,..,1910831,548823,222907,7352,67136,26659,17767,507537
,Invested equity (NOK million),162280,6278252,619964,616508,510644,15944,274338,367666,603179,48604,847825,..,1141011,403915,198318,3826,36180,18263,10538,399249
,Share capital (NOK million),21191,772931,102039,97430,98948,3231,36456,55086,76509,6964,52843,..,139693,39722,15896,916,3692,3524,1795,16996
,Share premium reserve (NOK million),117090,4589172,424161,396341,379891,6183,189890,253143,431350,26637,697687,..,844935,316464,139840,2610,22957,13199,6899,319894
,Retained earnings (NOK million),164778,3541629,695906,399234,164179,10793,195151,384981,130919,32392,265584,..,769820,144908,24589,3526,30956,8396,7229,108288
,Liabilities (NOK million),423468,10712811,2469935,1022383,763935,38439,738248,754275,814980,105591,669317,..,1961917,366029,287143,8705,84805,39486,14601,149554
,Provisions (NOK million),24674,1084754,792753,35160,53815,1556,14212,17580,38729,6946,27356,..,45163,6825,16853,96,1038,509,222,1268
,Other long-term liabilities (NOK million),202341,4675867,555399,313871,369855,21012,326643,179778,447175,46399,301212,..,1466126,143366,141820,3369,46518,17032,6571,87380
,Liabilities to financial institutions (NOK million),95965,1769377,39362,87294,84961,13938,168347,67292,190510,22752,40784,..,796884,35682,57845,1842,25294,8033,4575,28015
,Long-term liabilities to group companies (NOK million),68388,1574392,135860,115394,124806,5194,106294,82578,138910,16362,122735,..,483537,70588,51880,770,14547,3424,514,32612
,Short-term liabilities (NOK million),196453,4952190,1121783,673351,340265,15872,397393,556917,329077,52246,340748,..,450628,215838,128470,5240,37250,21945,7808,60907
,Trade creditors (NOK million),45703,730658,86988,117590,23863,4478,82532,176784,54076,7811,45886,..,22965,29728,21639,584,3674,2275,1033,3049
,Short-term liabilities to group companies (NOK million),83567,1939234,447781,235512,168966,5319,103480,137789,152771,23566,140257,..,260465,79625,50693,1116,14773,3641,1152,28760
,Total equity and liabilities (NOK million),750526,20532692,3785805,2038124,1438758,65177,1207737,1506923,1549078,186587,1782726,..,3872748,914852,510050,16057,151941,66145,32368,657091
,Number of enterprises,6150,362641,1297,13558,1845,915,48315,45367,10313,11770,19665,..,75976,45085,14700,4892,12152,6316,5869,38456
2024,Fixed assets (NOK million),464593,14879703,2582609,1304725,1162370,71638,648910,729338,1215447,105986,1372369,..,3147817,617788,374324,10704,100935,45054,26022,899074
,Intangible fixed assets (NOK million),75754,700306,296243,42702,46430,1048,12321,32637,18816,1663,83794,..,20339,36840,20116,687,3766,1470,796,4886
,Tangible fixed assets (NOK million),125646,4157674,1084471,211397,332823,21131,153946,108095,457325,32979,158452,..,1234661,41221,127378,5124,19128,20455,4968,18477
,Financial fixed assets (NOK million),263194,10021723,1201896,1050626,783117,49459,482644,588606,739307,71344,1130124,..,1892818,539728,226830,4893,78041,23130,20258,875711
,"Investments in subsidiaries, other group companies or associated companies (NOK million)",205354,8142580,1030933,822650,611629,39554,363416,503819,583193,57542,994138,..,1432584,452353,174849,3965,48341,16704,17341,784215
,"Loans to group companies, associated companies and joint ventures (NOK million)",50622,1354135,16108,149787,117773,8046,93031,64770,121410,11435,99740,..,408117,72072,37131,706,27246,5374,2384,68384
,Current assets (NOK million),243122,5962309,1088220,704041,235992,21624,541622,732558,372181,67682,361360,..,771310,339099,142594,9808,56870,30005,13563,230657
,Inventories (NOK million),62893,695430,47880,141941,2593,1380,132173,213029,6927,2722,6191,..,52905,8826,2971,207,921,836,974,10060
,Debitors (NOK million),127823,3279609,702284,429096,165923,13655,282620,352130,232720,42812,239236,..,327026,163674,95315,2804,26697,8849,2847,64099
,Accounts receivables (NOK million),22259,876918,189253,138972,24595,5094,118483,135938,57156,4833,58362,..,28215,54771,28374,1168,4358,2018,1265,1803
,Investments (NOK million),14944,864175,185569,33287,6937,1268,30259,72163,36049,4651,32574,..,232405,72480,13999,1560,10754,4053,2890,108336
,Cash and bank deposits etc (NOK million),37462,1123095,152487,99717,60540,5321,96570,95238,96484,17497,83359,..,158975,94120,30309,5237,18498,16267,6853,48161
,Total assets (NOK million),707715,20842012,3670829,2008765,1398362,93262,1190533,1461896,1587628,173669,1733729,..,3919128,956887,516918,20512,157805,75059,39585,1129730
,Equity (NOK million),337049,10261259,1216263,1014318,677720,45600,477919,743448,827295,69356,1072288,..,1951014,581394,234833,9572,71225,30588,25294,876084
,Invested equity (NOK million),167745,6494588,597879,629887,506373,35511,283315,357889,572215,41026,752330,..,1181826,401532,172339,3464,34446,18512,10291,728007
,Share capital (NOK million),19096,735865,94500,93489,94874,2845,34885,48753,64909,6803,44236,..,135298,33216,15464,938,3657,5850,1789,35263
,Share premium reserve (NOK million),102563,4486823,284574,419447,371974,19428,201919,236235,394123,21302,571046,..,852461,269319,124207,2189,28250,11044,7087,569653
,Retained earnings (NOK million),169304,3766671,618384,384431,171347,10089,194604,385559,255080,28330,319958,..,769188,179862,62494,6109,36779,12076,15003,148076
,Liabilities (NOK million),370666,10580753,2454566,994447,720642,47662,712614,718448,760333,104313,661441,..,1968114,375493,282085,10940,86580,44471,14291,253647
,Provisions (NOK million),25602,1109378,846357,36671,56712,1555,14969,19073,21190,662,21991,..,48239,4347,6961,104,882,660,391,3012
,Other long-term liabilities (NOK million),194029,4734442,552002,314532,379137,27891,324183,171517,443673,51425,298187,..,1433308,144746,151105,4285,45596,18855,7245,172726
,Liabilities to financial institutions (NOK million),109997,1818690,39670,124292,81754,19370,169014,60348,209469,20460,38651,..,764546,28821,50070,2664,23298,8297,5352,62616
,Long-term liabilities to group companies (NOK million),52014,1205012,84136,79977,102517,3048,73293,55320,107584,8942,103022,..,370525,62350,35655,615,15863,3760,411,45981
,Short-term liabilities (NOK million),151035,4736933,1056208,643244,284793,18216,373462,527858,295470,52226,341264,..,486567,226399,124019,6551,40102,24956,6655,77908
,Trade creditors (NOK million),24344,601995,80963,91804,15193,4170,63426,159302,49764,7243,34706,..,19760,23438,17956,789,2710,2316,905,3206
,Short-term liabilities to group companies (NOK million),61678,1559527,423152,180532,134599,4699,88628,96866,84244,10268,109263,..,208578,72722,35466,971,16699,3284,1023,26856
,Total equity and liabilities (NOK million),707715,20842012,3670829,2008765,1398362,93262,1190533,1461896,1587628,173669,1733729,..,3919128,956887,516918,20512,157805,75059,39585,1129730
,Number of enterprises,6036,358430,1173,12877,1764,887,45976,42807,9888,11321,19606,..,74660,44472,14373,5100,12281,6327,5842,43040
"The accounting figures for arts, entertainment and recreation are strongly affected by the inclusion of Norsk Tipping Limited in this industry. Norsk Tipping accounts for a large proportion of the activity in the industry and has an accounting structure and profitability which are different from the rest of the industry.",,,,,,,,,,,,,,,,,,,,,
: = Confidential. Figures are not published so as to avoid identifying persons or companies.,,,,,,,,,,,,,,,,,,,,,
.. = Data not available. Figures have not been entered into our databases or are too unreliable to be published.,,,,,,,,,,,,,,,,,,,,,
,,,,,,,,,,,,,,,,,,,,,
Updated:,,,,,,,,,,,,,,,,,,,,,
Fixed assets (NOK million):,,,,,,,,,,,,,,,,,,,,,
20250926 08:00,,,,,,,,,,,,,,,,,,,,,
Intangible fixed assets (NOK million):,,,,,,,,,,,,,,,,,,,,,
20250926 08:00,,,,,,,,,,,,,,,,,,,,,
Tangible fixed assets (NOK million):,,,,,,,,,,,,,,,,,,,,,
20250926 08:00,,,,,,,,,,,,,,,,,,,,,
Financial fixed assets (NOK million):,,,,,,,,,,,,,,,,,,,,,
20250926 08:00,,,,,,,,,,,,,,,,,,,,,
"Investments in subsidiaries, other group companies or associated companies (NOK million):",,,,,,,,,,,,,,,,,,,,,
20250926 08:00,,,,,,,,,,,,,,,,,,,,,
"Loans to group companies, associated companies and joint ventures (NOK million):",,,,,,,,,,,,,,,,,,,,,
20250926 08:00,,,,,,,,,,,,,,,,,,,,,
Current assets (NOK million):,,,,,,,,,,,,,,,,,,,,,
20250926 08:00,,,,,,,,,,,,,,,,,,,,,
Inventories (NOK million):,,,,,,,,,,,,,,,,,,,,,
20250926 08:00,,,,,,,,,,,,,,,,,,,,,
Debitors (NOK million):,,,,,,,,,,,,,,,,,,,,,
20250926 08:00,,,,,,,,,,,,,,,,,,,,,
Accounts receivables (NOK million):,,,,,,,,,,,,,,,,,,,,,
20250926 08:00,,,,,,,,,,,,,,,,,,,,,
Investments (NOK million):,,,,,,,,,,,,,,,,,,,,,
20250926 08:00,,,,,,,,,,,,,,,,,,,,,
Cash and bank deposits etc (NOK million):,,,,,,,,,,,,,,,,,,,,,
20250926 08:00,,,,,,,,,,,,,,,,,,,,,
Total assets (NOK million):,,,,,,,,,,,,,,,,,,,,,
20250926 08:00,,,,,,,,,,,,,,,,,,,,,
Equity (NOK million):,,,,,,,,,,,,,,,,,,,,,
20250926 08:00,,,,,,,,,,,,,,,,,,,,,
Invested equity (NOK million):,,,,,,,,,,,,,,,,,,,,,
20250926 08:00,,,,,,,,,,,,,,,,,,,,,
Share capital (NOK million):,,,,,,,,,,,,,,,,,,,,,
20250926 08:00,,,,,,,,,,,,,,,,,,,,,
Share premium reserve (NOK million):,,,,,,,,,,,,,,,,,,,,,
20250926 08:00,,,,,,,,,,,,,,,,,,,,,
Retained earnings (NOK million):,,,,,,,,,,,,,,,,,,,,,
20250926 08:00,,,,,,,,,,,,,,,,,,,,,
Liabilities (NOK million):,,,,,,,,,,,,,,,,,,,,,
20250926 08:00,,,,,,,,,,,,,,,,,,,,,
Provisions (NOK million):,,,,,,,,,,,,,,,,,,,,,
20250926 08:00,,,,,,,,,,,,,,,,,,,,,
Other long-term liabilities (NOK million):,,,,,,,,,,,,,,,,,,,,,
20250926 08:00,,,,,,,,,,,,,,,,,,,,,
Liabilities to financial institutions (NOK million):,,,,,,,,,,,,,,,,,,,,,
20250926 08:00,,,,,,,,,,,,,,,,,,,,,
Long-term liabilities to group companies (NOK million):,,,,,,,,,,,,,,,,,,,,,
20250926 08:00,,,,,,,,,,,,,,,,,,,,,
Short-term liabilities (NOK million):,,,,,,,,,,,,,,,,,,,,,
20250926 08:00,,,,,,,,,,,,,,,,,,,,,
Trade creditors (NOK million):,,,,,,,,,,,,,,,,,,,,,
20250926 08:00,,,,,,,,,,,,,,,,,,,,,
Short-term liabilities to group companies (NOK million):,,,,,,,,,,,,,,,,,,,,,
20250926 08:00,,,,,,,,,,,,,,,,,,,,,
Total equity and liabilities (NOK million):,,,,,,,,,,,,,,,,,,,,,
20250926 08:00,,,,,,,,,,,,,,,,,,,,,
Number of enterprises:,,,,,,,,,,,,,,,,,,,,,
20250926 08:00,,,,,,,,,,,,,,,,,,,,,
,,,,,,,,,,,,,,,,,,,,,
Source:,,,,,,,,,,,,,,,,,,,,,
Statistics Norway,,,,,,,,,,,,,,,,,,,,,
,,,,,,,,,,,,,,,,,,,,,
Contact:,,,,,,,,,,,,,,,,,,,,,
Fixed assets (NOK million):,,,,,,,,,,,,,,,,,,,,,
"Hieu Minh Tran, Statistics Norway",,,,,,,,,,,,,,,,,,,,,
 +47 46 67 66 50,,,,,,,,,,,,,,,,,,,,,
hmt@ssb.no,,,,,,,,,,,,,,,,,,,,,
,,,,,,,,,,,,,,,,,,,,,
,,,,,,,,,,,,,,,,,,,,,
,,,,,,,,,,,,,,,,,,,,,
,,,,,,,,,,,,,,,,,,,,,
Units:,,,,,,,,,,,,,,,,,,,,,
Fixed assets (NOK million):,,,,,,,,,,,,,,,,,,,,,
NOK million,,,,,,,,,,,,,,,,,,,,,
Intangible fixed assets (NOK million):,,,,,,,,,,,,,,,,,,,,,
NOK million,,,,,,,,,,,,,,,,,,,,,
Tangible fixed assets (NOK million):,,,,,,,,,,,,,,,,,,,,,
NOK million,,,,,,,,,,,,,,,,,,,,,
Financial fixed assets (NOK million):,,,,,,,,,,,,,,,,,,,,,
NOK million,,,,,,,,,,,,,,,,,,,,,
"Investments in subsidiaries, other group companies or associated companies (NOK million):",,,,,,,,,,,,,,,,,,,,,
NOK million,,,,,,,,,,,,,,,,,,,,,
"Loans to group companies, associated companies and joint ventures (NOK million):",,,,,,,,,,,,,,,,,,,,,
NOK million,,,,,,,,,,,,,,,,,,,,,
Current assets (NOK million):,,,,,,,,,,,,,,,,,,,,,
NOK million,,,,,,,,,,,,,,,,,,,,,
Inventories (NOK million):,,,,,,,,,,,,,,,,,,,,,
NOK million,,,,,,,,,,,,,,,,,,,,,
Debitors (NOK million):,,,,,,,,,,,,,,,,,,,,,
NOK million,,,,,,,,,,,,,,,,,,,,,
Accounts receivables (NOK million):,,,,,,,,,,,,,,,,,,,,,
NOK million,,,,,,,,,,,,,,,,,,,,,
Investments (NOK million):,,,,,,,,,,,,,,,,,,,,,
NOK million,,,,,,,,,,,,,,,,,,,,,
Cash and bank deposits etc (NOK million):,,,,,,,,,,,,,,,,,,,,,
NOK million,,,,,,,,,,,,,,,,,,,,,
Total assets (NOK million):,,,,,,,,,,,,,,,,,,,,,
NOK million,,,,,,,,,,,,,,,,,,,,,
Equity (NOK million):,,,,,,,,,,,,,,,,,,,,,
NOK million,,,,,,,,,,,,,,,,,,,,,
Invested equity (NOK million):,,,,,,,,,,,,,,,,,,,,,
NOK million,,,,,,,,,,,,,,,,,,,,,
Share capital (NOK million):,,,,,,,,,,,,,,,,,,,,,
NOK million,,,,,,,,,,,,,,,,,,,,,
Share premium reserve (NOK million):,,,,,,,,,,,,,,,,,,,,,
NOK million,,,,,,,,,,,,,,,,,,,,,
Retained earnings (NOK million):,,,,,,,,,,,,,,,,,,,,,
NOK million,,,,,,,,,,,,,,,,,,,,,
Liabilities (NOK million):,,,,,,,,,,,,,,,,,,,,,
NOK million,,,,,,,,,,,,,,,,,,,,,
Provisions (NOK million):,,,,,,,,,,,,,,,,,,,,,
NOK million,,,,,,,,,,,,,,,,,,,,,
Other long-term liabilities (NOK million):,,,,,,,,,,,,,,,,,,,,,
NOK million,,,,,,,,,,,,,,,,,,,,,
Liabilities to financial institutions (NOK million):,,,,,,,,,,,,,,,,,,,,,
NOK million,,,,,,,,,,,,,,,,,,,,,
Long-term liabilities to group companies (NOK million):,,,,,,,,,,,,,,,,,,,,,
NOK million,,,,,,,,,,,,,,,,,,,,,
Short-term liabilities (NOK million):,,,,,,,,,,,,,,,,,,,,,
NOK million,,,,,,,,,,,,,,,,,,,,,
Trade creditors (NOK million):,,,,,,,,,,,,,,,,,,,,,
NOK million,,,,,,,,,,,,,,,,,,,,,
Short-term liabilities to group companies (NOK million):,,,,,,,,,,,,,,,,,,,,,
NOK million,,,,,,,,,,,,,,,,,,,,,
Total equity and liabilities (NOK million):,,,,,,,,,,,,,,,,,,,,,
NOK million,,,,,,,,,,,,,,,,,,,,,
Number of enterprises:,,,,,,,,,,,,,,,,,,,,,
enterprises,,,,,,,,,,,,,,,,,,,,,
Data type:,,,,,,,,,,,,,,,,,,,,,
Fixed assets (NOK million):,,,,,,,,,,,,,,,,,,,,,
Stock,,,,,,,,,,,,,,,,,,,,,
Intangible fixed assets (NOK million):,,,,,,,,,,,,,,,,,,,,,
Stock,,,,,,,,,,,,,,,,,,,,,
Tangible fixed assets (NOK million):,,,,,,,,,,,,,,,,,,,,,
Stock,,,,,,,,,,,,,,,,,,,,,
Financial fixed assets (NOK million):,,,,,,,,,,,,,,,,,,,,,
Stock,,,,,,,,,,,,,,,,,,,,,
"Investments in subsidiaries, other group companies or associated companies (NOK million):",,,,,,,,,,,,,,,,,,,,,
Stock,,,,,,,,,,,,,,,,,,,,,
"Loans to group companies, associated companies and joint ventures (NOK million):",,,,,,,,,,,,,,,,,,,,,
Stock,,,,,,,,,,,,,,,,,,,,,
Current assets (NOK million):,,,,,,,,,,,,,,,,,,,,,
Stock,,,,,,,,,,,,,,,,,,,,,
Inventories (NOK million):,,,,,,,,,,,,,,,,,,,,,
Stock,,,,,,,,,,,,,,,,,,,,,
Debitors (NOK million):,,,,,,,,,,,,,,,,,,,,,
Stock,,,,,,,,,,,,,,,,,,,,,
Accounts receivables (NOK million):,,,,,,,,,,,,,,,,,,,,,
Stock,,,,,,,,,,,,,,,,,,,,,
Investments (NOK million):,,,,,,,,,,,,,,,,,,,,,
Stock,,,,,,,,,,,,,,,,,,,,,
Cash and bank deposits etc (NOK million):,,,,,,,,,,,,,,,,,,,,,
Stock,,,,,,,,,,,,,,,,,,,,,
Total assets (NOK million):,,,,,,,,,,,,,,,,,,,,,
Stock,,,,,,,,,,,,,,,,,,,,,
Equity (NOK million):,,,,,,,,,,,,,,,,,,,,,
Stock,,,,,,,,,,,,,,,,,,,,,
Invested equity (NOK million):,,,,,,,,,,,,,,,,,,,,,
Stock,,,,,,,,,,,,,,,,,,,,,
Share capital (NOK million):,,,,,,,,,,,,,,,,,,,,,
Stock,,,,,,,,,,,,,,,,,,,,,
Share premium reserve (NOK million):,,,,,,,,,,,,,,,,,,,,,
Stock,,,,,,,,,,,,,,,,,,,,,
Retained earnings (NOK million):,,,,,,,,,,,,,,,,,,,,,
Stock,,,,,,,,,,,,,,,,,,,,,
Liabilities (NOK million):,,,,,,,,,,,,,,,,,,,,,
Stock,,,,,,,,,,,,,,,,,,,,,
Provisions (NOK million):,,,,,,,,,,,,,,,,,,,,,
Stock,,,,,,,,,,,,,,,,,,,,,
Other long-term liabilities (NOK million):,,,,,,,,,,,,,,,,,,,,,
Stock,,,,,,,,,,,,,,,,,,,,,
Liabilities to financial institutions (NOK million):,,,,,,,,,,,,,,,,,,,,,
Stock,,,,,,,,,,,,,,,,,,,,,
Long-term liabilities to group companies (NOK million):,,,,,,,,,,,,,,,,,,,,,
Stock,,,,,,,,,,,,,,,,,,,,,
Short-term liabilities (NOK million):,,,,,,,,,,,,,,,,,,,,,
Stock,,,,,,,,,,,,,,,,,,,,,
Trade creditors (NOK million):,,,,,,,,,,,,,,,,,,,,,
Stock,,,,,,,,,,,,,,,,,,,,,
Short-term liabilities to group companies (NOK million):,,,,,,,,,,,,,,,,,,,,,
Stock,,,,,,,,,,,,,,,,,,,,,
Total equity and liabilities (NOK million):,,,,,,,,,,,,,,,,,,,,,
Stock,,,,,,,,,,,,,,,,,,,,,
Number of enterprises:,,,,,,,,,,,,,,,,,,,,,
Stock,,,,,,,,,,,,,,,,,,,,,
,,,,,,,,,,,,,,,,,,,,,
Reference period:,,,,,,,,,,,,,,,,,,,,,
Fixed assets (NOK million),,,,,,,,,,,,,,,,,,,,,
31.12.,,,,,,,,,,,,,,,,,,,,,
Intangible fixed assets (NOK million),,,,,,,,,,,,,,,,,,,,,
31.12.,,,,,,,,,,,,,,,,,,,,,
Tangible fixed assets (NOK million),,,,,,,,,,,,,,,,,,,,,
31.12.,,,,,,,,,,,,,,,,,,,,,
Financial fixed assets (NOK million),,,,,,,,,,,,,,,,,,,,,
31.12.,,,,,,,,,,,,,,,,,,,,,
"Investments in subsidiaries, other group companies or associated companies (NOK million)",,,,,,,,,,,,,,,,,,,,,
31.12.,,,,,,,,,,,,,,,,,,,,,
"Loans to group companies, associated companies and joint ventures (NOK million)",,,,,,,,,,,,,,,,,,,,,
31.12.,,,,,,,,,,,,,,,,,,,,,
Current assets (NOK million),,,,,,,,,,,,,,,,,,,,,
31.12.,,,,,,,,,,,,,,,,,,,,,
Inventories (NOK million),,,,,,,,,,,,,,,,,,,,,
31.12.,,,,,,,,,,,,,,,,,,,,,
Debitors (NOK million),,,,,,,,,,,,,,,,,,,,,
31.12.,,,,,,,,,,,,,,,,,,,,,
Accounts receivables (NOK million),,,,,,,,,,,,,,,,,,,,,
31.12.,,,,,,,,,,,,,,,,,,,,,
Investments (NOK million),,,,,,,,,,,,,,,,,,,,,
31.12.,,,,,,,,,,,,,,,,,,,,,
Cash and bank deposits etc (NOK million),,,,,,,,,,,,,,,,,,,,,
31.12.,,,,,,,,,,,,,,,,,,,,,
Total assets (NOK million),,,,,,,,,,,,,,,,,,,,,
31.12.,,,,,,,,,,,,,,,,,,,,,
Equity (NOK million),,,,,,,,,,,,,,,,,,,,,
31.12.,,,,,,,,,,,,,,,,,,,,,
Invested equity (NOK million),,,,,,,,,,,,,,,,,,,,,
31.12.,,,,,,,,,,,,,,,,,,,,,
Share capital (NOK million),,,,,,,,,,,,,,,,,,,,,
31.12.,,,,,,,,,,,,,,,,,,,,,
Share premium reserve (NOK million),,,,,,,,,,,,,,,,,,,,,
31.12.,,,,,,,,,,,,,,,,,,,,,
Retained earnings (NOK million),,,,,,,,,,,,,,,,,,,,,
31.12.,,,,,,,,,,,,,,,,,,,,,
Liabilities (NOK million),,,,,,,,,,,,,,,,,,,,,
31.12.,,,,,,,,,,,,,,,,,,,,,
Provisions (NOK million),,,,,,,,,,,,,,,,,,,,,
31.12.,,,,,,,,,,,,,,,,,,,,,
Other long-term liabilities (NOK million),,,,,,,,,,,,,,,,,,,,,
31.12.,,,,,,,,,,,,,,,,,,,,,
Liabilities to financial institutions (NOK million),,,,,,,,,,,,,,,,,,,,,
31.12.,,,,,,,,,,,,,,,,,,,,,
Long-term liabilities to group companies (NOK million),,,,,,,,,,,,,,,,,,,,,
31.12.,,,,,,,,,,,,,,,,,,,,,
Short-term liabilities (NOK million),,,,,,,,,,,,,,,,,,,,,
31.12.,,,,,,,,,,,,,,,,,,,,,
Trade creditors (NOK million),,,,,,,,,,,,,,,,,,,,,
31.12.,,,,,,,,,,,,,,,,,,,,,
Short-term liabilities to group companies (NOK million),,,,,,,,,,,,,,,,,,,,,
31.12.,,,,,,,,,,,,,,,,,,,,,
Total equity and liabilities (NOK million),,,,,,,,,,,,,,,,,,,,,
31.12.,,,,,,,,,,,,,,,,,,,,,
Number of enterprises,,,,,,,,,,,,,,,,,,,,,
31.12.,,,,,,,,,,,,,,,,,,,,,
,,,,,,,,,,,,,,,,,,,,,
,,,,,,,,,,,,,,,,,,,,,
,,,,,,,,,,,,,,,,,,,,,
,,,,,,,,,,,,,,,,,,,,,
,,,,,,,,,,,,,,,,,,,,,
Official statistics,,,,,,,,,,,,,,,,,,,,,
,,,,,,,,,,,,,,,,,,,,,
Database:,,,,,,,,,,,,,,,,,,,,,
External PROD,,,,,,,,,,,,,,,,,,,,,
,,,,,,,,,,,,,,,,,,,,,
Internal reference code:,,,,,,,,,,,,,,,,,,,,,
Anlegg,,,,,,,,,,,,,,,,,,,,,
