"08120: Profit/loss statement for non-financial limited companies, by year, contents and industry (SIC2007)",,,,,,,,,,,,,,,,,,,,,
,,,,,,,,,,,,,,,,,,,,,
Column1,Column2,Column3,Column4,Column5,Column6,Column7,Column8,Column9,Column10,Column11,Column12,Column13,Column14,Column15,Column16,Column17,Column18,Column19,Column20,Column21,Column22
,,"Agriculture, forestry and fishing",All industries,Mining and quarrying,Manufacturing,"Electricity, gas and steam","Water supply, sewerage, waste",Construction,Wholesale and retail trade: repair of motor vehicles and motorcycles,Transportation and storage,Accommodation and food service activities,Information and communication,Portfolio investment,Real estate activities,"Professional, scientific and technical activities",Administrative and support service activities,Education,Human health and social work activities,"Arts, entertainment and recreation",Other service activities,Unspecified
2007,Operating income (NOK million),43009,3861335,795989,646250,86862,15519,293637,1062593,270337,47293,170483,5695,100254,138372,112470,6265,32311,22125,9547,2325
,Revenue (NOK million),40250,3609996,742184,645020,80730,15190,277042,1062365,220561,43905,161995,1774,31244,129846,101906,5111,21881,19285,9077,629
,Operating expences (NOK million),37483,3343215,521164,606072,63491,14571,270539,1021125,247307,45088,155636,3535,62083,126063,105103,5908,29718,18319,8900,1110
,Raw materials and consumables used (NOK million),17539,1805844,292226,348781,36398,6406,106176,793852,57129,11195,45171,741,13360,31929,36272,517,3797,2133,2128,95
,Payroll expence (NOK million),7660,587358,40646,114389,7147,2982,66342,107056,54914,16727,47515,453,9812,47570,37253,2731,16459,3602,3928,174
,Depreciation and write down of tangible and intangible fixed assets (NOK million),2267,153289,62159,20315,6480,824,4271,10198,15022,1410,10373,311,8853,3389,4773,216,1117,876,375,60
,Operating profit (NOK million),5526,518119,274825,40178,23371,947,23098,41468,23030,2205,14847,2160,38171,12309,7366,357,2593,3806,647,1215
,"Income from subsidiaries, other group entities and from associates (NOK million)",602,152420,26283,41653,21636,62,2015,7739,7691,2113,6625,9294,20458,3915,1582,42,140,34,54,482
,Interest income (NOK million),1115,95725,14968,21259,7921,132,2707,5752,7390,997,10456,3382,12247,3167,3007,48,223,287,74,594
,Interest expence (NOK million),2774,143557,18767,27557,12304,370,4643,9612,12567,1301,11136,4144,27371,3927,5728,74,426,387,119,352
,Write-down of financial assets (NOK million),265,42237,8832,6116,76,4,535,1221,15652,165,1338,2836,3132,1154,623,5,47,19,6,210
,"Financial items, net (NOK million)",1216,332635,44030,84910,19872,-2,4760,18474,16674,6084,15413,43769,52100,10012,7107,73,683,262,78,7120
,Profit before tax (NOK million),6743,850755,318855,125088,43243,946,27858,59942,39705,8289,30260,45929,90272,22320,14474,430,3276,4068,724,8335
,Ekstraordinary items (NOK million),134,289,14,154,8,6,103,158,-522,37,71,297,-47,-264,25,5,30,0,1,77
,Tax (NOK million),1385,291956,200048,17051,8677,239,6036,13683,21644,847,5652,1437,7694,3323,2540,120,669,292,183,435
,Net profit (NOK million),5492,559088,118821,108191,34574,713,21926,46417,17539,7479,24679,44789,82530,18734,11959,315,2637,3776,542,7977
,Proposed dividends (NOK million),1015,225027,77661,36601,17112,220,9224,19672,13704,1483,6430,7659,18986,6539,5284,145,878,238,298,1879
,Number of enterprises,2954,193224,952,10759,959,536,20010,34067,7368,5377,7507,21222,42759,18080,8775,1459,4578,2214,2165,1483
2008,Operating income (NOK million),43113,4345154,1055916,684063,124012,17386,312089,1117522,289804,49931,183985,2706,99880,159132,126127,7085,37073,24793,10219,318
,Revenue (NOK million),40769,4072732,986670,677799,117181,16885,297409,1122026,234820,46561,172720,1301,31614,151677,112589,5675,25445,21482,9779,331
,Operating expences (NOK million),39525,3751746,664873,644980,90556,16725,295246,1085164,270872,48259,172787,4748,75525,150146,119617,6698,34273,21368,9858,525
,Raw materials and consumables used (NOK million),16998,2037026,406230,372317,60252,7002,110958,835186,61312,11811,48912,598,14202,35344,40029,614,4008,8960,2212,82
,Payroll expence (NOK million),8177,645858,43909,122866,7739,3339,73902,116893,59689,17913,53318,569,9920,54423,41810,3117,19295,4537,4370,73
,Depreciation and write down of tangible and intangible fixed assets (NOK million),2830,191639,78066,19080,6482,1011,7220,11440,18552,1588,12283,607,15307,8495,5665,303,1277,993,403,37
,Operating profit (NOK million),3588,593408,391043,39082,33455,661,16843,32358,18933,1672,11198,-2042,24355,8986,6510,387,2800,3425,360,-207
,"Income from subsidiaries, other group entities and from associates (NOK million)",332,108609,30307,19671,10234,133,1551,5249,14053,1596,6893,6021,9389,2806,-257,78,149,55,38,312
,Interest income (NOK million),1506,131878,24703,24398,9138,206,4563,9044,9879,1358,15637,5238,17518,3835,3840,80,366,181,109,280
,Interest expence (NOK million),4021,191046,25471,32429,15017,515,7302,13556,17261,1764,13786,5645,38680,4329,9642,116,674,468,153,218
,Write-down of financial assets (NOK million),1125,146506,8369,30486,963,266,5961,5364,20209,2391,10258,16150,24750,4181,15100,15,253,121,183,361
,"Financial items, net (NOK million)",-4404,-65092,-5680,-24881,35382,-367,-5703,-4149,1872,-1419,2195,-151,-37941,-1886,-17448,0,-510,131,-69,-64
,Profit before tax (NOK million),-815,528315,385363,14201,68837,294,11140,28209,20805,254,13393,-2194,-13586,7100,-10938,386,2291,3556,291,-271
,Ekstraordinary items (NOK million),14,1463,0,-84,100,6,-79,1415,-6,-15,19,36,86,-65,18,3,24,-13,1,3
,Tax (NOK million),460,334698,276402,12312,14014,206,5624,9869,-3392,764,4556,1511,4958,4673,1401,140,704,229,171,93
,Net profit (NOK million),-1262,195080,108962,1805,54923,95,5436,19754,24191,-526,8855,-3668,-18458,2362,-12322,249,1610,3314,121,-361
,Proposed dividends (NOK million),506,138725,64508,13941,7517,95,5725,14273,5421,524,3094,6633,7069,4694,3313,121,602,178,295,215
,Number of enterprises,2975,200006,1005,10568,1063,565,21312,33815,7483,5443,7715,22542,45494,19052,8864,1517,4759,2439,2216,1179
2009,Operating income (NOK million),48930,3930261,834053,616071,103175,16827,273249,1073461,259699,49089,181875,4960,101479,161121,119292,7073,40958,28538,10097,314
,Revenue (NOK million),47101,3674185,776455,611103,96679,16166,260100,1080129,209171,45692,171315,1943,28401,153304,107503,6102,27893,25306,9630,190
,Operating expences (NOK million),42698,3511236,599159,592709,74403,16209,258743,1040689,250188,47879,166564,6857,68366,152321,115326,6624,37605,25042,9569,285
,Raw materials and consumables used (NOK million),19286,1826306,333488,330730,41714,5718,93900,793333,52213,11592,44541,932,11694,38979,38408,601,3958,3374,1793,52
,Payroll expence (NOK million),8402,649448,50804,115269,8593,3502,71262,117484,60920,17841,53965,915,10485,56872,39144,3108,21408,4903,4552,20
,Depreciation and write down of tangible and intangible fixed assets (NOK million),3047,191600,77962,19761,7169,1140,5939,11783,22213,1593,12714,540,12050,5747,6622,279,1368,1160,487,28
,Operating profit (NOK million),6232,419024,234894,23362,28772,618,14506,32771,9511,1210,15311,-1897,33114,8800,3967,450,3353,3495,529,28
,"Income from subsidiaries, other group entities and from associates (NOK million)",1115,95833,25841,13933,13411,75,1947,5366,6976,775,7025,5732,11107,1995,-408,139,336,103,97,268
,Interest income (NOK million),925,80253,12754,15017,5023,113,2714,5226,5809,688,10118,3854,11532,3017,2895,41,211,122,64,127
,Interest expence (NOK million),2810,141303,21871,20640,10875,380,5804,9469,11793,1196,8780,4732,29437,4619,7591,88,583,382,133,120
,Write-down of financial assets (NOK million),428,63096,-1551,16325,395,43,1976,2134,11581,1034,6273,5612,9832,4228,4626,19,30,26,5,79
,"Financial items, net (NOK million)",1248,184072,41269,28394,19428,77,647,8776,18150,-345,19698,25212,12363,6203,1092,138,155,332,259,975
,Profit before tax (NOK million),7479,603096,276163,51756,48200,695,15153,41547,27661,865,35008,23315,45477,15003,5059,588,3508,3828,787,1004
,Ekstraordinary items (NOK million),11,113,..,1114,-1,30,22,109,-95,-1,-146,4,-349,-421,-195,-5,7,25,4,1
,Tax (NOK million),2120,246315,175545,11568,15999,244,4351,11542,-2626,715,8102,1914,8985,4084,2163,129,899,277,191,114
,Net profit (NOK million),5370,358217,100618,41856,32225,481,10824,30271,30665,148,26878,21406,36142,10497,2701,454,2615,3575,600,891
,Proposed dividends (NOK million),2698,125562,40408,13792,8018,99,4713,11388,8334,564,8130,7551,8270,5162,4182,128,679,842,365,239
,Number of enterprises,2907,199665,957,10286,1120,571,21476,33015,7290,5400,7609,22850,45733,19441,8821,1505,4894,2466,2234,1090
2010,Operating income (NOK million),53865,4230889,957985,612838,132764,20387,279599,1143265,273650,51829,191006,2029,109057,170063,140012,8385,40368,30795,10561,2430
,Revenue (NOK million),51576,3975723,915728,608485,126634,20156,266889,1146143,224872,48331,178363,636,29383,161273,125065,6917,26335,27620,9977,1339
,Operating expences (NOK million),42004,3716871,676456,578757,98742,18917,265833,1105259,257849,51023,176075,2194,70630,157145,132137,7845,37123,27030,9978,1875
,Raw materials and consumables used (NOK million),18353,1971369,391376,318689,63900,7639,95124,850045,57800,12174,47382,122,10846,40433,47075,615,3815,3529,1846,605
,Payroll expence (NOK million),8334,661418,53442,114602,7908,3866,73183,120155,59162,19014,55464,457,11175,59267,40869,3762,20635,5050,4788,284
,Depreciation and write down of tangible and intangible fixed assets (NOK million),3410,190681,75074,18029,7595,1218,6003,11831,21837,1669,15308,69,12969,5088,7136,315,1418,1079,463,170
,Operating profit (NOK million),11861,514018,281529,34082,34022,1470,13766,38006,15801,806,14931,-165,38427,12918,7875,540,3245,3765,583,556
,"Income from subsidiaries, other group entities and from associates (NOK million)",2668,138559,42394,27974,18957,147,2756,7844,5983,1148,5692,2033,12379,2920,2916,104,354,161,82,2047
,Interest income (NOK million),924,73950,8280,14617,4467,120,2524,5282,6078,648,11246,1811,11216,2618,3272,52,233,168,52,340
,Interest expence (NOK million),2580,132302,14734,20932,10381,429,5844,8971,13316,1152,8471,1935,29033,4526,8347,94,574,263,143,576
,Write-down of financial assets (NOK million),414,39950,6230,1996,645,76,681,2415,9562,401,1418,1577,5478,5240,3418,31,40,34,36,257
,"Financial items, net (NOK million)",5349,227843,31682,48529,18717,184,4303,13940,335,1007,54269,19422,15371,2846,4495,144,420,690,268,5873
,Profit before tax (NOK million),17210,741861,313211,82611,52739,1655,18069,51946,16137,1813,69200,19257,53799,15764,12370,684,3665,4455,850,6428
,Ekstraordinary items (NOK million),37,-2364,0,-7,0,0,43,24,-2019,-1,9,-9,0,-449,-6,5,7,1,0,1
,Tax (NOK million),4493,283109,191621,14639,17948,400,4383,14249,4037,509,9407,1282,10137,5476,2713,156,949,290,207,213
,Net profit (NOK million),12754,456728,121589,68073,34765,1255,13720,37643,9990,1302,60237,17965,43654,9840,9651,533,2731,4165,644,6216
,Proposed dividends (NOK million),5197,145036,49827,16235,12569,160,5326,12745,5865,644,10149,4232,9844,5862,4098,153,835,215,337,744
,Number of enterprises,2773,203509,991,10897,1191,607,23683,34994,7557,5759,8053,13759,48404,20731,9476,1599,5341,2536,2399,2759
2011,Operating income (NOK million),54642,4662503,1202943,635368,116749,21927,320638,1216321,293732,55127,200308,1365,118503,176227,148626,8802,43471,34122,11309,2323
,Revenue (NOK million),52181,4320490,1087857,627757,110833,21328,306160,1211708,243534,51510,191105,402,32736,167494,137389,7451,28465,30318,10594,1671
,Operating expences (NOK million),45654,4042875,809113,609520,90930,20843,304030,1170015,283240,53515,183951,1483,74921,165105,140430,8269,39879,30110,10661,1206
,Raw materials and consumables used (NOK million),20038,2179286,516406,328486,54309,8429,103528,905739,61746,12963,54436,109,12126,40755,48938,682,4105,4206,1897,386
,Payroll expence (NOK million),9316,710366,60376,119139,9899,4167,79598,124315,63872,20130,59671,269,12029,63545,46931,4056,22253,5472,5146,181
,Depreciation and write down of tangible and intangible fixed assets (NOK million),3326,209150,85836,24986,7816,1461,5969,11664,24836,1660,12206,73,13495,5472,6695,316,1453,1145,526,216
,Operating profit (NOK million),8987,619628,393830,25848,25819,1084,16609,46307,10492,1612,16357,-118,43582,11122,8196,533,3592,4011,648,1117
,"Income from subsidiaries, other group entities and from associates (NOK million)",665,142379,67520,20419,12245,179,2993,7131,5768,808,5797,1598,13181,1767,1332,71,327,219,49,311
,Interest income (NOK million),1124,92752,10501,18011,5271,251,2913,6199,6350,782,19475,1879,13277,3144,2618,60,307,237,104,250
,Interest expence (NOK million),2908,147820,17301,24861,11303,727,6852,10864,14763,1311,10719,1408,32529,5828,4813,96,789,310,254,186
,Write-down of financial assets (NOK million),218,99086,17453,29916,1797,13,1504,3407,16019,372,3932,2332,10995,7326,3098,52,221,85,34,311
,"Financial items, net (NOK million)",4999,94834,51015,10739,5653,231,2219,12760,-17296,899,13320,6497,5424,-2678,-460,168,185,421,119,620
,Profit before tax (NOK million),13986,714462,444846,36587,31473,1315,18828,59067,-6804,2511,29677,6379,49005,8444,7736,700,3777,4432,767,1737
,Ekstraordinary items (NOK million),40,-2086,128,2,0,0,6,5,-1864,10,-24,-8,15,-405,-3,2,3,-1,0,6
,Tax (NOK million),3250,352389,267534,14440,14736,395,4504,14937,4141,514,6306,415,10710,5720,2602,163,966,297,180,579
,Net profit (NOK million),10776,358325,177440,21700,16603,921,14320,44084,-13742,2019,23348,5956,38221,2319,5126,539,2810,4134,587,1164
,Proposed dividends (NOK million),1621,188858,76841,19183,16091,219,6521,16977,5249,733,10906,4082,12895,11012,4043,217,1014,330,453,472
,Number of enterprises,2811,205500,1043,10832,1238,622,24854,35036,7605,5887,8273,11918,50685,21776,8241,1697,5535,2614,2511,2322
2012,Operating income (NOK million),54714,4844104,1221258,650931,101525,21906,370595,1255398,314604,58619,206587,..,124684,195109,160981,9505,46635,34846,12068,4138
,Revenue (NOK million),52599,4533630,1142027,642543,95070,21227,351995,1258147,263999,55151,196678,..,35520,185815,146004,8264,31476,32983,11393,2739
,Operating expences (NOK million),50047,4239898,852573,620666,77273,20319,347669,1218631,298192,57173,188394,..,82379,179201,151237,8984,42904,30357,11363,2538
,Raw materials and consumables used (NOK million),23253,2251078,531218,330345,41020,8584,118643,940334,67820,13798,55166,..,14238,42997,52154,786,4093,3792,2028,810
,Payroll expence (NOK million),9350,760325,64204,128338,10614,4246,88399,131101,66132,21897,63706,..,13072,69383,50772,4358,24402,4479,5581,291
,Depreciation and write down of tangible and intangible fixed assets (NOK million),3664,226869,100873,18833,8906,1200,6626,11990,26831,1685,11209,..,16375,7122,7629,343,1497,1167,575,343
,Operating profit (NOK million),4667,604206,368686,30266,24252,1586,22927,36768,16412,1446,18193,..,42305,15908,9743,521,3731,4489,705,1600
,"Income from subsidiaries, other group entities and from associates (NOK million)",818,168768,64209,16532,13855,158,5613,13809,5141,573,24263,..,16640,3726,2505,89,317,122,104,295
,Interest income (NOK million),1157,112636,10764,14498,3914,479,3350,6244,6451,744,42816,..,14086,4636,2395,79,333,266,150,273
,Interest expence (NOK million),3045,148453,18178,22274,10522,1008,7633,11703,15824,1301,10033,..,34111,5961,4882,118,818,325,374,345
,Write-down of financial assets (NOK million),352,72260,5829,14295,3004,57,2210,7603,8743,383,10071,..,12084,4784,1441,25,188,169,77,946
,"Financial items, net (NOK million)",3645,245692,77915,26112,8877,141,4787,22173,5348,443,53897,..,30719,7913,2396,194,582,257,249,42
,Profit before tax (NOK million),8312,849898,446600,56378,33129,1727,27714,58941,21760,1889,72090,..,73024,23821,12140,716,4314,4747,953,1643
,Ekstraordinary items (NOK million),1,-2199,0,16,0,2,-2,62,-2309,0,-5,..,82,4,-29,1,0,0,0,-22
,Tax (NOK million),1692,347696,265394,12410,12611,329,6066,13775,3343,1095,6576,..,11529,6664,3140,168,1079,281,208,1336
,Net profit (NOK million),6621,499250,181462,43236,20734,1400,21641,45140,15755,765,65491,..,61600,17152,8966,548,3235,4465,745,295
,Proposed dividends (NOK million),2473,210964,79275,25820,14320,195,9901,22293,6191,810,12418,..,18433,11974,3895,268,1187,495,452,564
,Number of enterprises,3010,210433,1094,11213,1310,635,28371,37078,8130,6596,9195,..,53652,24420,9077,2087,6218,2935,2891,2521
2013,Operating income (NOK million),64231,4943435,1147735,678664,113652,22342,391972,1296184,344995,62451,213268,..,127740,205833,161828,10363,49610,38098,12888,1581
,Revenue (NOK million),61780,4618250,1066376,671391,107555,21574,374905,1297476,285195,58926,205860,..,33466,195619,147844,8486,33135,36043,11983,636
,Operating expences (NOK million),51618,4364590,834850,649377,86595,20954,368398,1260798,311538,60868,194725,..,83443,188050,151316,9820,45679,33481,11960,1120
,Raw materials and consumables used (NOK million),23667,2255565,475855,343104,46904,8303,124505,974010,73933,14482,54963,..,12071,44396,48551,811,3982,3722,2185,121
,Payroll expence (NOK million),9437,814139,74953,134010,10634,4435,94775,135816,77520,23487,65999,..,13538,74830,52851,4796,26195,4774,5806,283
,Depreciation and write down of tangible and intangible fixed assets (NOK million),3871,232001,104270,19479,9541,1324,6926,12213,24167,1774,12371,..,17909,6370,7950,380,1583,1177,583,112
,Operating profit (NOK million),12613,578846,312886,29287,27057,1388,23574,35385,33457,1583,18542,..,44297,17783,10513,543,3931,4617,929,461
,"Income from subsidiaries, other group entities and from associates (NOK million)",2952,162362,43729,37303,11887,168,5152,8440,7863,1168,16351,..,17719,6963,1377,110,366,175,178,460
,Interest income (NOK million),1482,97147,9651,14033,3904,633,3386,6337,6672,691,29748,..,14230,2904,2362,84,335,224,163,307
,Interest expence (NOK million),3395,153457,19427,22173,10073,1220,7756,12192,17508,1231,8621,..,36977,5523,5282,120,918,379,392,270
,Write-down of financial assets (NOK million),304,68197,11665,13548,1817,34,1920,6344,6458,1712,12400,..,6919,3797,536,66,73,54,133,419
,"Financial items, net (NOK million)",5154,165920,24056,27104,2792,-22,5630,21465,-5179,396,38248,..,33074,10637,-478,204,911,152,318,1456
,Profit before tax (NOK million),17767,744766,336942,56391,29849,1366,29205,56851,28278,1980,56791,..,77371,28420,10035,747,4842,4769,1247,1916
,Ekstraordinary items (NOK million),1,-2992,0,-11,0,0,14,-12,-2895,10,-20,..,21,-85,-9,-1,0,-5,-1,1
,Tax (NOK million),3329,287709,205015,11129,12103,322,6629,12117,6755,676,6506,..,10657,7605,2961,178,1132,288,270,34
,Net profit (NOK million),14220,452087,131877,44094,17731,1044,22534,44865,19007,1313,49368,..,66808,20553,7064,567,3705,4476,977,1883
,Proposed dividends (NOK million),3269,186299,43691,33408,7325,424,10108,19763,11789,1001,20139,..,20143,8890,3094,300,1414,314,653,573
,Number of enterprises,3161,221947,1109,11412,1347,652,30956,37778,8424,6992,9891,..,55795,26447,9569,2433,6881,3199,3227,2674
2014,Operating income (NOK million),70946,5088215,1089893,728707,102622,22793,418908,1339361,380103,65801,227408,..,133158,220051,166371,9861,52818,43270,13982,2163
,Revenue (NOK million),67442,4737164,1010470,722684,95327,21944,399264,1343511,310551,62178,216910,..,33241,204912,150551,8442,34162,41307,12994,1274
,Operating expences (NOK million),56721,4599552,887110,692439,78610,21450,393638,1301759,343081,64379,211878,..,83851,198602,155150,9227,47931,38688,12961,2077
,Raw materials and consumables used (NOK million),25263,2327439,463355,376363,40865,8561,137963,1007001,76881,15288,60306,..,12035,44331,48356,754,4105,3348,2373,290
,Payroll expence (NOK million),10471,844812,76711,140283,9576,4673,100754,139191,79378,24836,69220,..,13962,78575,53966,4340,27457,4929,6161,327
,Depreciation and write down of tangible and intangible fixed assets (NOK million),4152,283266,147322,18443,9002,1381,7398,12488,23533,1946,15861,..,18249,9726,9558,397,1639,1235,618,318
,Operating profit (NOK million),14225,488663,202783,36268,24011,1343,25270,37602,37021,1421,15529,..,49308,21449,11221,634,4888,4582,1022,86
,"Income from subsidiaries, other group entities and from associates (NOK million)",1002,151939,26430,44093,11418,246,4753,12988,13557,410,10886,..,20719,2849,1099,122,386,144,114,722
,Interest income (NOK million),1636,75015,7086,10676,3814,651,3239,5257,6259,694,17347,..,11773,2950,2558,79,315,160,141,378
,Interest expence (NOK million),3391,144493,21484,18781,10027,1258,7529,10080,18094,1199,6037,..,34127,5165,4963,184,890,381,352,550
,Write-down of financial assets (NOK million),457,239314,155678,11170,692,298,1493,4489,10088,648,36855,..,6580,3770,6276,33,140,130,334,183
,"Financial items, net (NOK million)",3716,-39174,-175353,43507,10826,-278,7901,19949,-9781,1889,8279,..,40810,8366,-1190,309,800,-384,-805,2267
,Profit before tax (NOK million),17941,449489,27430,79775,34838,1065,33171,57551,27240,3310,23808,..,90118,29815,10031,943,5687,4197,217,2353
,Ekstraordinary items (NOK million),1,-856,0,-68,0,0,-44,-9,-808,2,-2,..,50,-25,44,3,0,1,0,0
,Tax (NOK million),4641,248832,158229,13219,10508,324,6927,12483,10232,666,6305,..,11649,7613,3243,315,1272,226,259,719
,Net profit (NOK million),13300,195969,-130914,65220,24256,758,26142,44967,14874,2611,17016,..,78489,21889,6769,630,4398,3972,-42,1634
,Proposed dividends (NOK million),3208,213292,29881,40776,14516,457,11573,28231,10818,893,29693,..,23514,9393,7283,198,1454,305,530,569
,Number of enterprises,3331,232201,1152,11554,1389,673,33266,38633,8697,7519,10645,..,57178,28341,10124,2695,7319,3359,3532,2794
2015,Operating income (NOK million),75398,5008095,902930,749040,98532,23999,446480,1353580,402386,69476,230711,..,141507,217437,163383,11460,58650,47026,14459,1640
,Revenue (NOK million),72425,4646598,830094,749082,92276,23315,423803,1349859,333200,66182,217134,..,35769,196744,149446,9569,38461,44802,13374,1064
,Operating expences (NOK million),61647,4639954,809713,716171,79244,22615,419148,1314180,372659,68064,213279,..,88752,199891,154063,11040,53315,41737,13361,1077
,Raw materials and consumables used (NOK million),27407,2310661,395309,388551,37725,8228,157054,1009526,89520,16317,64096,..,13071,44722,47830,908,4368,3306,2432,290
,Payroll expence (NOK million),11837,870294,76796,139256,11435,4999,106723,143102,82757,26291,69933,..,15196,81712,52621,5327,30564,5224,6390,130
,Depreciation and write down of tangible and intangible fixed assets (NOK million),4740,344324,190741,20292,9726,1444,7952,14789,35517,2150,12964,..,19113,10346,10134,513,1788,1299,604,213
,Operating profit (NOK million),13751,368140,93218,32869,19288,1385,27332,39400,29727,1412,17432,..,52755,17546,9321,420,5334,5289,1098,564
,"Income from subsidiaries, other group entities and from associates (NOK million)",1236,66804,-62680,53258,14444,187,7087,13040,8485,937,3194,..,20614,2833,2662,161,580,251,140,374
,Interest income (NOK million),1443,64050,8758,8345,3368,394,2822,4707,6252,542,9535,..,10788,2631,3705,74,298,139,93,154
,Interest expence (NOK million),3087,142395,26308,16197,8827,1013,7471,9717,17315,1190,6802,..,31466,4938,6206,142,861,356,230,269
,Write-down of financial assets (NOK million),380,127157,20623,22845,1753,1538,2403,7361,18606,253,27323,..,8418,9090,5696,81,100,103,94,490
,"Financial items, net (NOK million)",3727,26154,-121877,46974,6978,-1162,15488,19748,-15709,973,-2797,..,61420,10081,-2272,264,2622,514,503,678
,Profit before tax (NOK million),17479,394294,-28659,79844,26266,222,42819,59148,14017,2385,14636,..,114175,27627,7049,684,7957,5803,1600,1242
,Ekstraordinary items (NOK million),7,-4465,-124,-29,-1,0,-8,4,-3140,0,4,..,11,-1173,11,3,-31,0,0,1
,Tax (NOK million),3809,141859,56871,14101,9544,384,7456,13275,8924,545,5340,..,11496,5111,2631,207,1402,313,284,167
,Net profit (NOK million),13684,250739,-85604,65651,17352,-152,35626,45802,2892,1834,10290,..,102735,21289,4441,479,6538,5490,1317,1076
,Proposed dividends (NOK million),..,..,..,..,..,..,..,..,..,..,..,..,..,..,..,..,..,..,..,..
,Number of enterprises,3631,245750,1190,11895,1428,698,35515,39752,9060,8067,11667,..,59988,30525,10859,3087,7961,3676,3811,2940
2016,Operating income (NOK million),96716,4997377,765309,720232,117739,24467,487225,1445123,369455,74124,239512,..,153286,197786,164692,11677,62690,50922,15171,1250
,Revenue (NOK million),91104,4633538,706130,715756,109146,23576,461654,1434691,307761,70128,222278,..,38034,188054,149512,9969,42217,48605,14076,847
,Operating expences (NOK million),67612,4620349,688151,685653,88923,23589,456874,1391792,355639,72651,216951,..,96969,189996,157169,11185,56935,44902,14225,1132
,Raw materials and consumables used (NOK million),30401,2341436,336674,394059,47681,8624,173978,1079684,76494,17643,64144,..,12926,40234,47200,908,4348,3574,2616,247
,Payroll expence (NOK million),13384,872285,70098,133430,11539,5191,113103,148005,80434,27450,70512,..,15672,80100,52918,5490,32472,5620,6742,124
,Depreciation and write down of tangible and intangible fixed assets (NOK million),5322,317376,146519,20034,9626,1665,8036,13300,49260,2469,13835,..,23069,7728,11868,474,1930,1325,666,250
,Operating profit (NOK million),29104,377028,77157,34579,28817,878,30351,53331,13816,1474,22561,..,56317,7790,7523,492,5755,6020,946,118
,"Income from subsidiaries, other group entities and from associates (NOK million)",2920,94620,-30964,40544,12269,44,6363,12742,15709,555,4676,..,23189,3172,1728,142,659,257,144,471
,Interest income (NOK million),1013,65693,11719,7604,3339,332,2623,3967,5678,443,11511,..,10064,2935,3789,59,263,98,75,179
,Interest expence (NOK million),2606,142423,28430,13663,8284,935,7539,8333,17583,1177,7353,..,33112,4647,6660,139,999,336,188,439
,Write-down of financial assets (NOK million),552,127553,17685,17124,8259,41,1322,2501,38057,694,17631,..,6784,10847,5104,111,264,148,36,393
,"Financial items, net (NOK million)",10904,191542,-24462,52599,10344,149,15074,30914,-13750,2205,29600,..,64630,6953,965,210,2550,70,722,1866
,Profit before tax (NOK million),40008,568570,52695,87178,39161,1027,45425,84245,66,3678,52161,..,120947,14743,8488,702,8304,6090,1668,1983
,Ekstraordinary items (NOK million),72,-4247,4,-82,12,5,0,-11,-3132,-6,3,..,8,-1090,-29,3,-6,1,0,-1
,Tax (NOK million),8462,145936,47783,14582,13702,226,8082,13617,10520,657,6817,..,12440,4082,2979,199,1561,320,286,-379
,Net profit (NOK million),31620,416107,4907,73770,25237,832,37491,66967,-13122,3018,45005,..,108513,9634,5474,505,6740,5771,1382,2361
,Proposed dividends (NOK million),..,..,..,..,..,..,..,..,..,..,..,..,..,..,..,..,..,..,..,..
,Number of enterprises,3996,263241,1191,12250,1434,749,38509,41527,9321,8757,12879,..,63382,33127,11726,3473,8590,4180,4205,3945
2017,Operating income (NOK million),103906,5415932,1027681,742431,124967,29049,518158,1474560,385640,77868,244565,..,164865,201679,169974,12730,64437,55534,16243,1646
,Revenue (NOK million),98666,5061508,968451,740700,117331,28234,492192,1473830,321437,74082,231299,..,46117,192041,154628,10509,43192,53033,14614,1152
,Operating expences (NOK million),75563,4892225,804142,707436,96213,27698,488877,1427156,364239,76454,224837,..,106257,195849,160872,12123,59169,49109,14819,1412
,Raw materials and consumables used (NOK million),33493,2587646,500833,406186,52529,12017,184826,1106829,85830,18371,68020,..,16884,41330,48085,1005,4518,3879,2697,312
,Payroll expence (NOK million),14710,890013,60516,133710,11776,5458,121691,151468,80855,28640,72994,..,16569,81015,57017,5952,34098,6055,7185,304
,Depreciation and write down of tangible and intangible fixed assets (NOK million),5960,276516,111556,22261,10834,1680,8019,14223,36730,2653,14823,..,22656,8743,11711,518,2038,1377,660,72
,Operating profit (NOK million),28343,523707,223540,34995,28754,1351,29281,47404,21401,1413,19727,..,58608,5829,9102,607,5269,6425,1424,233
,"Income from subsidiaries, other group entities and from associates (NOK million)",3911,243298,-1376,64457,37956,111,8454,15696,9254,1091,60193,..,28250,3346,9545,97,1177,373,197,564
,Interest income (NOK million),1031,60565,17603,6743,3573,216,2627,3210,5126,1160,2728,..,10461,2574,2656,47,342,133,88,246
,Interest expence (NOK million),2677,138935,30996,11771,8239,705,7574,7506,17252,1310,5994,..,32382,4218,6280,143,1151,337,209,190
,Write-down of financial assets (NOK million),154,81389,7727,29078,291,40,2098,4801,13894,64,3587,..,6017,9402,3264,70,498,77,29,301
,"Financial items, net (NOK million)",14613,406947,-5378,66828,45024,345,19268,29692,2480,2246,113180,..,95653,9116,6979,179,2155,591,739,3237
,Profit before tax (NOK million),42957,930654,218161,101823,73778,1696,48549,77096,23881,3659,132908,..,154260,14946,16080,786,7424,7016,2163,3471
,Ekstraordinary items (NOK million),42,-771,0,-4,0,0,1,-27,-678,0,0,..,65,-145,-32,2,3,0,0,3
,Tax (NOK million),7937,244016,147123,14683,13651,352,7786,12548,8209,654,8102,..,13692,4371,2489,202,1360,381,292,185
,Net profit (NOK million),35057,685692,71038,87085,60558,1356,40771,64527,14711,3045,124380,..,140778,10404,13537,586,6064,6636,1872,3289
,Proposed dividends (NOK million),..,..,..,..,..,..,..,..,..,..,..,..,..,..,..,..,..,..,..,..
,Number of enterprises,4349,275605,1222,12436,1461,779,40627,42076,9568,9151,13960,..,66432,34970,12282,3768,9064,4536,4516,4408
2018,Operating income (NOK million),125157,5915724,1239248,763927,157873,31324,566875,1544845,406500,82828,250942,..,172204,226185,186874,13502,67087,60015,16084,4255
,Revenue (NOK million),120320,5541855,1166045,760949,149695,30560,538158,1543129,352911,79019,237524,..,46545,215516,171223,11251,44937,57063,15115,1895
,Operating expences (NOK million),97479,5300486,930205,732775,115848,30226,537690,1501429,392446,81732,229801,..,112608,215936,176466,12808,61674,53363,15175,2825
,Raw materials and consumables used (NOK million),49339,2847102,612817,421613,68482,13902,197295,1166103,95814,19342,65946,..,21134,47318,55337,1054,4526,4012,2668,399
,Payroll expence (NOK million),16381,940948,67932,138289,12154,5531,132210,158260,78246,30639,75944,..,17152,88722,63204,6302,35792,6386,7496,306
,Depreciation and write down of tangible and intangible fixed assets (NOK million),6820,270396,107127,20252,9891,1804,9645,15042,33672,2889,15643,..,23468,8207,11040,538,2120,1351,673,215
,Operating profit (NOK million),27678,615238,309043,31152,42025,1098,29185,43416,14054,1096,21140,..,59596,10249,10409,695,5412,6652,909,1430
,"Income from subsidiaries, other group entities and from associates (NOK million)",4121,289305,23742,34248,29595,408,9270,14721,22515,1584,107861,..,26558,8440,2525,177,743,488,134,2175
,Interest income (NOK million),1275,59448,13785,7077,3760,204,3324,3704,5350,489,2757,..,10743,3114,2298,52,514,110,134,758
,Interest expence (NOK million),3130,140337,25104,12401,8696,565,8814,7919,19066,1355,6881,..,32772,4828,5282,154,1314,372,271,1413
,Write-down of financial assets (NOK million),701,91801,9524,7354,-516,37,4289,6264,27567,1632,6866,..,11864,9817,5083,150,192,105,35,837
,"Financial items, net (NOK million)",15283,429072,24592,67892,37188,972,19484,30160,20164,2491,110656,..,63802,16873,3240,272,1639,764,722,12877
,Profit before tax (NOK million),42961,1044309,333635,99043,79213,2070,48669,73576,34218,3587,131796,..,123399,27122,13649,967,7051,7416,1631,14307
,Ekstraordinary items (NOK million),7,79,0,3,5,0,-9,19,16,1,-26,..,68,-6,3,2,-2,-3,1,-1
,Tax (NOK million),7598,312260,212791,12938,21821,295,7601,11296,6063,593,8015,..,13761,4112,2888,209,1396,403,257,224
,Net profit (NOK million),35385,727503,120735,85939,57361,1782,41045,62311,26653,2979,120872,..,109790,23024,10749,760,5652,7011,1375,14082
,Proposed dividends (NOK million),..,..,..,..,..,..,..,..,..,..,..,..,..,..,..,..,..,..,..,..
,Number of enterprises,4765,282853,1282,13079,1526,815,43599,43502,9796,9785,14786,..,57911,36853,12830,4015,9555,4962,4783,9009
2019,Operating income (NOK million),132224,6080426,1162934,806252,155533,33549,606166,1593842,432137,88451,268239,..,177742,250016,203036,14726,70491,64191,16040,4857
,Revenue (NOK million),126825,5663035,1056134,804052,146597,32745,576241,1593942,383157,84078,255850,..,45751,238002,179096,12239,48115,61216,15516,3479
,Operating expences (NOK million),106095,5511133,910865,782141,117471,32330,572149,1551592,404301,87044,252016,..,114951,236310,186684,14021,65330,57012,15187,5635
,Raw materials and consumables used (NOK million),53457,2878079,546309,451640,70698,15113,206951,1205691,101817,20238,67475,..,18449,48688,56464,1336,4880,4381,2342,2150
,Payroll expence (NOK million),17722,995446,74239,145094,11682,6069,142068,162007,81119,33034,83424,..,18019,94790,66333,6945,37956,6786,7686,474
,Depreciation and write down of tangible and intangible fixed assets (NOK million),7557,323434,134694,28682,10221,1695,10245,17173,33882,3183,20021,..,25235,12316,12915,605,2293,1722,779,214
,Operating profit (NOK million),26129,569293,252069,24111,38062,1219,34017,42250,27835,1407,16223,..,62790,13707,16352,705,5161,7179,853,-777
,"Income from subsidiaries, other group entities and from associates (NOK million)",3608,215072,14910,30682,24910,91,11230,12450,16186,1869,42774,..,34248,6293,6694,111,561,1786,96,6574
,Interest income (NOK million),1661,71330,16294,8140,4421,207,4405,4495,6290,689,3183,..,12791,3489,2642,67,637,220,161,1539
,Interest expence (NOK million),3957,158639,27820,13372,8882,483,10313,8844,19687,1702,7790,..,37534,5942,6394,172,1370,505,338,3534
,Write-down of financial assets (NOK million),2016,109265,13455,6093,-2067,122,3766,7231,32024,6564,12913,..,7631,11223,4035,169,110,165,77,3739
,"Financial items, net (NOK million)",13508,399410,26887,53138,52407,512,28524,32715,-17011,-2818,62697,..,100317,7255,10576,1143,1511,2163,2306,23580
,Profit before tax (NOK million),39637,968702,278956,77249,90469,1731,62542,74965,10825,-1412,78921,..,163107,20962,26928,1849,6672,9342,3159,22802
,Ekstraordinary items (NOK million),7,161,-4,6,0,0,24,-12,10,2,6,..,145,12,-1,2,0,0,1,-35
,Tax (NOK million),6535,253564,146682,12339,18272,255,8623,12082,10150,778,11181,..,15509,4958,2539,216,1239,486,259,1461
,Net profit (NOK million),33132,718526,132312,64969,73206,1476,53964,62873,1157,-2181,69018,..,148037,16022,24399,1635,5442,8855,2903,21307
,Proposed dividends (NOK million),..,..,..,..,..,..,..,..,..,..,..,..,..,..,..,..,..,..,..,..
,Number of enterprises,4935,293422,1300,12937,1596,840,44796,42655,9698,9845,15216,..,59253,37709,13033,4105,9892,5217,4901,15494
2020,Operating income (NOK million),135968,5813872,911693,803055,111126,36189,595785,1712946,385056,69258,279947,..,191607,244412,164152,12994,69909,61795,18550,9430
,Revenue (NOK million),130359,5406067,847753,797077,93782,35419,575555,1706181,320933,61233,265240,..,57499,231956,146734,10990,47195,57773,15073,5314
,Operating expences (NOK million),116637,5441208,852172,776899,87799,34545,563671,1638371,370496,70272,260886,..,127634,232906,155745,12132,63980,54568,14886,7607
,Raw materials and consumables used (NOK million),58595,2795231,436447,449197,38725,16569,201881,1290868,91860,15966,75286,..,25210,46542,33584,1080,4356,3182,2621,3261
,Payroll expence (NOK million),19177,982198,79356,143563,12954,6281,143120,163223,75634,25191,83020,..,19318,96098,59172,5874,36835,5475,7131,775
,Depreciation and write down of tangible and intangible fixed assets (NOK million),8968,394856,179102,33746,11477,1852,10234,18281,37878,3485,24684,..,27694,16537,14435,583,2582,1719,775,823
,Operating profit (NOK million),19331,372664,59521,26156,23327,1643,32114,74575,14560,-1014,19061,..,63972,11505,8407,862,5929,7226,3665,1823
,"Income from subsidiaries, other group entities and from associates (NOK million)",4831,198002,2158,51848,13548,214,9112,19310,8794,1149,35090,..,36313,6467,2642,198,785,401,78,5064
,Interest income (NOK million),1450,60135,12108,6529,3980,188,3771,3590,4430,528,2741,..,12371,3016,2415,52,673,184,142,1971
,Interest expence (NOK million),3934,155692,32068,11648,8954,439,8764,7861,16587,1357,7697,..,37270,5771,6256,160,1474,501,321,4630
,Write-down of financial assets (NOK million),1754,106177,17444,16623,3273,41,2832,2677,30739,-924,3283,..,7580,10656,5943,49,790,305,72,3040
,"Financial items, net (NOK million)",12197,319026,342,60851,14776,413,28211,49484,-29785,2752,43148,..,94451,11478,3177,1468,4113,569,1,21380
,Profit before tax (NOK million),31528,691690,59863,87007,38103,2056,60325,124058,-15225,1738,62209,..,158424,22984,11583,2330,10042,7795,3666,23203
,Ekstraordinary items (NOK million),44,-177,0,:,:,0,-4,-4,15,-3,0,..,-25,-30,-12,1,0,-2,-1,-2
,Tax (NOK million),4276,122481,36242,9870,7182,425,8173,16248,9438,138,7400,..,14035,4031,2289,266,1445,318,228,478
,Net profit (NOK million),27115,567574,23504,77385,30392,1631,52127,107852,-26020,1690,55046,..,144457,18818,9283,2066,8598,7475,3431,22723
,Proposed dividends (NOK million),..,..,..,..,..,..,..,..,..,..,..,..,..,..,..,..,..,..,..,..
,Number of enterprises,5271,313139,1328,13171,1717,886,45147,43627,9869,10407,16328,..,66427,39641,13539,4245,10282,5442,5203,20609
2021,Operating income (NOK million),152989,6874883,1402587,852364,220368,42304,649181,1911636,425732,82358,305331,..,213007,263007,168813,12219,76066,65366,18662,12893
,Revenue (NOK million),144867,6447255,1341924,840482,210591,41233,623084,1908778,366989,73282,282782,..,66604,247280,150504,11134,52072,61475,16965,7208
,Operating expences (NOK million),129743,5917805,870165,808511,155920,39683,611306,1827253,398535,79564,284168,..,143339,248140,157826,11224,69133,57985,16653,8658
,Raw materials and consumables used (NOK million),64738,3168826,526887,464329,98853,20096,226082,1452006,89375,18120,79744,..,32337,49293,30783,1070,4872,3658,3027,3557
,Payroll expence (NOK million),21037,1057554,81142,151728,14348,6827,152583,175930,81531,28682,91765,..,21291,105762,65427,5117,39205,6251,8137,792
,Depreciation and write down of tangible and intangible fixed assets (NOK million),9714,326423,125284,27211,11679,1911,11030,18120,32654,3407,25311,..,28942,12554,12559,519,2351,1720,777,679
,Operating profit (NOK million),23246,957078,532422,43853,64448,2620,37875,84383,27197,2795,21163,..,69668,14867,10987,995,6933,7381,2009,4235
,"Income from subsidiaries, other group entities and from associates (NOK million)",5429,282600,:,58294,23794,867,11450,25270,11645,2402,24028,..,34182,11927,2319,148,6190,480,:,29390
,Interest income (NOK million),1613,57888,10342,6033,3582,229,3757,3065,3854,613,3620,..,13059,3035,1981,38,718,155,112,2081
,Interest expence (NOK million),4086,143960,24880,10695,8485,458,9157,6745,14089,1577,8586,..,36840,5646,5653,128,1410,492,315,4718
,Write-down of financial assets (NOK million),185,74941,385,12934,9690,125,3278,4297,9957,585,4851,..,8143,11485,2905,27,227,174,705,4987
,"Financial items, net (NOK million)",25032,701010,28142,97483,30931,1926,38552,86663,36037,6321,58967,..,160518,30994,8030,912,12213,1998,1219,75073
,Profit before tax (NOK million),48278,1658088,560565,141336,95378,4546,76427,171045,63234,9116,80130,..,230186,45861,19017,1907,19146,9379,3228,79308
,Ekstraordinary items (NOK million),:,2770,:,:,:,:,7,-3,:,1,-29,..,19,-125,:,:,-2,0,0,61
,Tax (NOK million),5895,516701,377304,17307,36561,627,9873,21770,7474,1069,9423,..,16975,5424,2952,318,1794,361,253,1321
,Net profit (NOK million),42706,1144713,183600,129058,57947,3919,66532,149301,53672,7969,71419,..,213239,40357,16032,1590,17329,9017,2977,78048
,Proposed dividends (NOK million),..,..,..,..,..,..,..,..,..,..,..,..,..,..,..,..,..,..,..,..
,Number of enterprises,5604,331371,1298,13412,1726,904,47366,44462,10060,11040,17296,..,69756,41287,13907,4409,10841,5756,5442,26805
2022,Operating income (NOK million),200224,8717887,2409354,992036,368112,46283,707325,2049626,544672,109365,347830,..,222753,288596,226650,13135,81324,77192,19649,13763
,Revenue (NOK million),188418,8254346,2343017,969994,345812,45250,680490,2043604,494659,102710,318031,..,70861,275839,206509,12054,56875,73011,18949,8265
,Operating expences (NOK million),158093,6988960,1228054,907511,245677,43404,674347,1983481,490390,105318,326178,..,158781,272764,207165,12538,75384,68476,18562,12836
,Raw materials and consumables used (NOK million),81534,3824813,776905,557349,171302,21319,249667,1575332,119309,24924,90406,..,33137,51827,53198,1152,5340,5329,3188,3593
,Payroll expence (NOK million),24421,1165721,90104,160153,15917,7445,164670,187446,89972,39005,103533,..,22572,116470,77645,5710,42291,8095,9070,1202
,Depreciation and write down of tangible and intangible fixed assets (NOK million),11689,344690,149623,11995,12980,2094,12423,18646,28740,3281,28306,..,32720,10197,15199,613,2409,1921,805,1050
,Operating profit (NOK million),42131,1728927,1181299,84525,122435,2879,32977,66145,54283,4047,21651,..,63972,15833,19485,597,5939,8716,1087,927
,"Income from subsidiaries, other group entities and from associates (NOK million)",13797,334076,:,68980,34908,:,12622,22723,19936,2744,28652,..,41394,10390,3034,153,1367,677,244,4263
,Interest income (NOK million),2734,121120,32609,10409,8959,343,6215,6521,8931,1054,8631,..,21198,4896,3353,54,1220,215,154,3622
,Interest expence (NOK million),5986,211006,33571,16392,13293,758,13179,11210,22046,1992,13676,..,53160,8119,8126,129,2017,665,394,6292
,Write-down of financial assets (NOK million),6813,133170,2462,3626,3984,47,5312,13561,3118,1023,39814,..,19691,15175,5525,83,819,801,185,11132
,"Financial items, net (NOK million)",21703,579891,:,114113,42826,:,31873,27065,34368,4785,-5712,..,91367,34325,890,371,2629,450,235,44146
,Profit before tax (NOK million),63834,2308818,1313264,198639,165260,5369,64851,93210,88650,8832,15939,..,155339,50158,20374,968,8569,9166,1322,45073
,Ekstraordinary items (NOK million),..,..,..,..,..,..,..,..,..,..,..,..,..,..,..,..,..,..,..,..
,Tax (NOK million),10624,1078071,892966,25212,78317,643,9268,18779,9784,1295,1359,..,16374,6519,3569,207,1657,709,249,542
,Net profit (NOK million),53222,1230974,419761,173467,86669,4726,55751,74405,79326,7616,14708,..,138984,43633,16928,762,6937,8457,1077,44544
,Proposed dividends (NOK million),..,..,..,..,..,..,..,..,..,..,..,..,..,..,..,..,..,..,..,..
,Number of enterprises,5874,346452,1275,13388,1754,910,48222,44609,10163,11254,18400,..,72260,42932,14360,4614,11302,6102,5630,33403
2023,Operating income (NOK million),275749,8502352,1950206,1036112,273990,47163,710937,2117930,567936,118662,392586,..,227173,322343,244976,13789,89530,81754,21708,9809
,Revenue (NOK million),265459,7959700,1859323,1017993,251548,46099,686950,2095207,491294,112876,360879,..,62609,305105,224489,12545,62220,77569,20765,6768
,Operating expences (NOK million),233508,7307013,1217517,987653,188482,44758,683920,2065692,505125,115302,372511,..,159650,307347,225455,13130,83524,72633,20339,10470
,Raw materials and consumables used (NOK million),140088,3924048,749782,591340,118449,21075,240941,1624092,133119,27619,112045,..,26644,58181,61323,1054,5799,5355,3976,3168
,Payroll expence (NOK million),26379,1256593,99528,172599,17389,8110,176044,199542,97283,42623,113769,..,23384,128549,78741,5992,47010,8660,9740,1251
,Depreciation and write down of tangible and intangible fixed assets (NOK million),11767,414708,175812,37032,13944,2197,13670,21634,32943,3655,29149,..,38294,11252,17024,621,2454,2046,845,367
,Operating profit (NOK million),42241,1195339,732690,48459,85508,2405,27018,52238,62811,3360,20076,..,67523,14995,19521,659,6007,9121,1369,-661
,"Income from subsidiaries, other group entities and from associates (NOK million)",7204,400799,30412,114589,33259,262,10057,19589,32883,2856,93506,..,33360,12659,3265,119,1099,421,101,5159
,Interest income (NOK million),7505,233585,60739,22622,16778,648,11788,13269,20619,1852,17200,..,36343,10361,5954,106,2463,564,370,4404
,Interest expence (NOK million),12620,348817,55773,29362,22903,1261,20682,20251,39138,3051,23945,..,84197,12607,11723,237,3491,1052,597,5928
,Write-down of financial assets (NOK million),1993,148589,4003,18123,102,200,10246,9827,7096,1182,9309,..,37489,15950,3451,157,515,1015,460,27470
,"Financial items, net (NOK million)",20558,849319,339587,151852,34495,505,21917,36617,38415,4675,104672,..,52201,23894,2099,227,3045,1270,207,13083
,Profit before tax (NOK million),62800,2044659,1072276,200311,120002,2910,48935,88855,101226,8036,124747,..,119724,38889,21620,886,9052,10391,1576,12422
,Ekstraordinary items (NOK million),..,..,..,..,..,..,..,..,..,..,..,..,..,..,..,..,..,..,..,..
,Tax (NOK million),13654,701951,547940,16766,51278,533,8017,15259,9357,1496,8513,..,14821,7445,2839,217,1890,644,334,946
,Net profit (NOK million),49146,1342708,524336,183545,68725,2376,40917,73596,91869,6540,116235,..,104903,31444,18781,669,7161,9747,1242,11476
,Proposed dividends (NOK million),..,..,..,..,..,..,..,..,..,..,..,..,..,..,..,..,..,..,..,..
,Number of enterprises,6150,362641,1297,13558,1845,915,48315,45367,10313,11770,19665,..,75976,45085,14700,4892,12152,6316,5869,38456
2024,Operating income (NOK million),277445,8320194,1839911,1039804,221720,47891,690177,2070988,526455,124393,409660,..,249673,329408,243446,21289,95667,88631,21682,21955
,Revenue (NOK million),268585,7846461,1816265,1019152,203840,46901,666332,2020930,464322,109646,356196,..,121255,318968,221523,17106,77475,82471,20759,14735
,Operating expences (NOK million),251166,7215370,1215547,982508,160549,46123,659886,2000420,465177,119509,388060,..,162657,313751,224559,20333,88395,77959,20296,18474
,Raw materials and consumables used (NOK million),160810,4183850,796911,609261,92430,25023,361203,1563386,166811,28902,147704,..,31748,91235,73815,2477,11773,8605,4144,7610
,Payroll expence (NOK million),27075,1244801,59152,178588,18329,8428,177195,192831,105261,44285,112788,..,23873,133731,79616,10486,52054,9218,9969,1921
,Depreciation and write down of tangible and intangible fixed assets (NOK million),12690,418469,180343,29257,14305,2383,13442,21887,34171,3761,33005,..,35177,11895,18596,896,2378,2196,885,1201
,Operating profit (NOK million),26279,1104823,624364,57296,61170,1767,30291,70567,61278,4884,21600,..,87015,15657,18887,956,7272,10672,1386,3480
,"Income from subsidiaries, other group entities and from associates (NOK million)",17164,586091,130279,93731,39756,830,23766,35313,50036,4197,75494,..,60759,14868,9276,410,3098,890,5782,20443
,Interest income (NOK million),8585,204778,45635,22054,12741,764,12801,9902,15253,1741,11880,..,39528,6785,5768,183,2995,628,388,7146
,Interest expence (NOK million),14960,298927,29532,28005,19583,1423,20346,15151,26878,3126,18339,..,87323,9169,10453,300,4085,1160,517,8576
,Write-down of financial assets (NOK million),2369,112772,1473,6709,5183,72,9890,9845,7579,854,9500,..,11169,14666,1348,48,691,797,281,30299
,"Financial items, net (NOK million)",18147,607072,126295,87516,20638,179,18814,33252,65218,3230,110186,..,67573,9919,9755,835,3632,1604,7501,22777
,Profit before tax (NOK million),44426,1711896,750659,144813,81809,1946,49105,103819,126496,8114,131786,..,154589,25576,28642,1791,10904,12276,8887,26257
,Ekstraordinary items (NOK million),..,..,..,..,..,..,..,..,..,..,..,..,..,..,..,..,..,..,..,..
,Tax (NOK million),6112,592435,462229,17524,33724,407,8101,14674,7929,1464,8781,..,16405,5422,3702,255,1979,657,368,2702
,Net profit (NOK million),38314,1119391,288430,127287,48084,1539,40998,89137,118568,6648,123002,..,138155,20145,24939,1535,8923,11619,8519,23549
,Proposed dividends (NOK million),..,..,..,..,..,..,..,..,..,..,..,..,..,..,..,..,..,..,..,..
,Number of enterprises,6036,358430,1173,12877,1764,887,45976,42807,9888,11321,19606,..,74660,44472,14373,5100,12281,6327,5842,43040
"The accounting figures for arts, entertainment and recreation are strongly affected by the inclusion of Norsk Tipping Limited in this industry. Norsk Tipping accounts for a large proportion of the activity in the industry and has an accounting structure and profitability which are different from the rest of the industry.",,,,,,,,,,,,,,,,,,,,,
"Changes to the Limited Liability Companies Act as of 1 July 2013 mean more flexible rules for the distribution of dividends, including opportunities to distribute dividends on the basis of the interim balance sheet. This affects the comparability of the 'provision for dividend' post.",,,,,,,,,,,,,,,,,,,,,
.. = Data not available. Figures have not been entered into our databases or are too unreliable to be published.,,,,,,,,,,,,,,,,,,,,,
: = Confidential. Figures are not published so as to avoid identifying persons or companies.,,,,,,,,,,,,,,,,,,,,,
contents:,,,,,,,,,,,,,,,,,,,,,
Profit before tax (NOK million):,,,,,,,,,,,,,,,,,,,,,
Before 2022 Operating profit before tax.,,,,,,,,,,,,,,,,,,,,,
,,,,,,,,,,,,,,,,,,,,,
,,,,,,,,,,,,,,,,,,,,,
Updated:,,,,,,,,,,,,,,,,,,,,,
Operating income (NOK million):,,,,,,,,,,,,,,,,,,,,,
20250926 08:00,,,,,,,,,,,,,,,,,,,,,
Revenue (NOK million):,,,,,,,,,,,,,,,,,,,,,
20250926 08:00,,,,,,,,,,,,,,,,,,,,,
Operating expences (NOK million):,,,,,,,,,,,,,,,,,,,,,
20250926 08:00,,,,,,,,,,,,,,,,,,,,,
Raw materials and consumables used (NOK million):,,,,,,,,,,,,,,,,,,,,,
20250926 08:00,,,,,,,,,,,,,,,,,,,,,
Payroll expence (NOK million):,,,,,,,,,,,,,,,,,,,,,
20250926 08:00,,,,,,,,,,,,,,,,,,,,,
Depreciation and write down of tangible and intangible fixed assets (NOK million):,,,,,,,,,,,,,,,,,,,,,
20250926 08:00,,,,,,,,,,,,,,,,,,,,,
Operating profit (NOK million):,,,,,,,,,,,,,,,,,,,,,
20250926 08:00,,,,,,,,,,,,,,,,,,,,,
"Income from subsidiaries, other group entities and from associates (NOK million):",,,,,,,,,,,,,,,,,,,,,
20250926 08:00,,,,,,,,,,,,,,,,,,,,,
Interest income (NOK million):,,,,,,,,,,,,,,,,,,,,,
20250926 08:00,,,,,,,,,,,,,,,,,,,,,
Interest expence (NOK million):,,,,,,,,,,,,,,,,,,,,,
20250926 08:00,,,,,,,,,,,,,,,,,,,,,
Write-down of financial assets (NOK million):,,,,,,,,,,,,,,,,,,,,,
20250926 08:00,,,,,,,,,,,,,,,,,,,,,
"Financial items, net (NOK million):",,,,,,,,,,,,,,,,,,,,,
20250926 08:00,,,,,,,,,,,,,,,,,,,,,
Profit before tax (NOK million):,,,,,,,,,,,,,,,,,,,,,
20250926 08:00,,,,,,,,,,,,,,,,,,,,,
Ekstraordinary items (NOK million):,,,,,,,,,,,,,,,,,,,,,
20250926 08:00,,,,,,,,,,,,,,,,,,,,,
Tax (NOK million):,,,,,,,,,,,,,,,,,,,,,
20250926 08:00,,,,,,,,,,,,,,,,,,,,,
Net profit (NOK million):,,,,,,,,,,,,,,,,,,,,,
20250926 08:00,,,,,,,,,,,,,,,,,,,,,
Proposed dividends (NOK million):,,,,,,,,,,,,,,,,,,,,,
20250926 08:00,,,,,,,,,,,,,,,,,,,,,
Number of enterprises:,,,,,,,,,,,,,,,,,,,,,
20250926 08:00,,,,,,,,,,,,,,,,,,,,,
,,,,,,,,,,,,,,,,,,,,,
Source:,,,,,,,,,,,,,,,,,,,,,
Statistics Norway,,,,,,,,,,,,,,,,,,,,,
,,,,,,,,,,,,,,,,,,,,,
Contact:,,,,,,,,,,,,,,,,,,,,,
Operating income (NOK million):,,,,,,,,,,,,,,,,,,,,,
"Hieu Minh Tran, Statistics Norway",,,,,,,,,,,,,,,,,,,,,
 +47 46 67 66 50,,,,,,,,,,,,,,,,,,,,,
hmt@ssb.no,,,,,,,,,,,,,,,,,,,,,
,,,,,,,,,,,,,,,,,,,,,
,,,,,,,,,,,,,,,,,,,,,
,,,,,,,,,,,,,,,,,,,,,
,,,,,,,,,,,,,,,,,,,,,
Units:,,,,,,,,,,,,,,,,,,,,,
Operating income (NOK million):,,,,,,,,,,,,,,,,,,,,,
NOK million,,,,,,,,,,,,,,,,,,,,,
Revenue (NOK million):,,,,,,,,,,,,,,,,,,,,,
NOK million,,,,,,,,,,,,,,,,,,,,,
Operating expences (NOK million):,,,,,,,,,,,,,,,,,,,,,
NOK million,,,,,,,,,,,,,,,,,,,,,
Raw materials and consumables used (NOK million):,,,,,,,,,,,,,,,,,,,,,
NOK million,,,,,,,,,,,,,,,,,,,,,
Payroll expence (NOK million):,,,,,,,,,,,,,,,,,,,,,
NOK million,,,,,,,,,,,,,,,,,,,,,
Depreciation and write down of tangible and intangible fixed assets (NOK million):,,,,,,,,,,,,,,,,,,,,,
NOK million,,,,,,,,,,,,,,,,,,,,,
Operating profit (NOK million):,,,,,,,,,,,,,,,,,,,,,
NOK million,,,,,,,,,,,,,,,,,,,,,
"Income from subsidiaries, other group entities and from associates (NOK million):",,,,,,,,,,,,,,,,,,,,,
NOK million,,,,,,,,,,,,,,,,,,,,,
Interest income (NOK million):,,,,,,,,,,,,,,,,,,,,,
NOK million,,,,,,,,,,,,,,,,,,,,,
Interest expence (NOK million):,,,,,,,,,,,,,,,,,,,,,
NOK million,,,,,,,,,,,,,,,,,,,,,
Write-down of financial assets (NOK million):,,,,,,,,,,,,,,,,,,,,,
NOK million,,,,,,,,,,,,,,,,,,,,,
"Financial items, net (NOK million):",,,,,,,,,,,,,,,,,,,,,
NOK million,,,,,,,,,,,,,,,,,,,,,
Profit before tax (NOK million):,,,,,,,,,,,,,,,,,,,,,
NOK million,,,,,,,,,,,,,,,,,,,,,
Ekstraordinary items (NOK million):,,,,,,,,,,,,,,,,,,,,,
NOK million,,,,,,,,,,,,,,,,,,,,,
Tax (NOK million):,,,,,,,,,,,,,,,,,,,,,
NOK million,,,,,,,,,,,,,,,,,,,,,
Net profit (NOK million):,,,,,,,,,,,,,,,,,,,,,
NOK million,,,,,,,,,,,,,,,,,,,,,
Proposed dividends (NOK million):,,,,,,,,,,,,,,,,,,,,,
NOK million,,,,,,,,,,,,,,,,,,,,,
Number of enterprises:,,,,,,,,,,,,,,,,,,,,,
enterprises,,,,,,,,,,,,,,,,,,,,,
Data type:,,,,,,,,,,,,,,,,,,,,,
Operating income (NOK million):,,,,,,,,,,,,,,,,,,,,,
Stock,,,,,,,,,,,,,,,,,,,,,
Revenue (NOK million):,,,,,,,,,,,,,,,,,,,,,
Stock,,,,,,,,,,,,,,,,,,,,,
Operating expences (NOK million):,,,,,,,,,,,,,,,,,,,,,
Stock,,,,,,,,,,,,,,,,,,,,,
Raw materials and consumables used (NOK million):,,,,,,,,,,,,,,,,,,,,,
Stock,,,,,,,,,,,,,,,,,,,,,
Payroll expence (NOK million):,,,,,,,,,,,,,,,,,,,,,
Stock,,,,,,,,,,,,,,,,,,,,,
Depreciation and write down of tangible and intangible fixed assets (NOK million):,,,,,,,,,,,,,,,,,,,,,
Stock,,,,,,,,,,,,,,,,,,,,,
Operating profit (NOK million):,,,,,,,,,,,,,,,,,,,,,
Stock,,,,,,,,,,,,,,,,,,,,,
"Income from subsidiaries, other group entities and from associates (NOK million):",,,,,,,,,,,,,,,,,,,,,
Stock,,,,,,,,,,,,,,,,,,,,,
Interest income (NOK million):,,,,,,,,,,,,,,,,,,,,,
Stock,,,,,,,,,,,,,,,,,,,,,
Interest expence (NOK million):,,,,,,,,,,,,,,,,,,,,,
Stock,,,,,,,,,,,,,,,,,,,,,
Write-down of financial assets (NOK million):,,,,,,,,,,,,,,,,,,,,,
Stock,,,,,,,,,,,,,,,,,,,,,
"Financial items, net (NOK million):",,,,,,,,,,,,,,,,,,,,,
Stock,,,,,,,,,,,,,,,,,,,,,
Profit before tax (NOK million):,,,,,,,,,,,,,,,,,,,,,
Stock,,,,,,,,,,,,,,,,,,,,,
Ekstraordinary items (NOK million):,,,,,,,,,,,,,,,,,,,,,
Stock,,,,,,,,,,,,,,,,,,,,,
Tax (NOK million):,,,,,,,,,,,,,,,,,,,,,
Stock,,,,,,,,,,,,,,,,,,,,,
Net profit (NOK million):,,,,,,,,,,,,,,,,,,,,,
Stock,,,,,,,,,,,,,,,,,,,,,
Proposed dividends (NOK million):,,,,,,,,,,,,,,,,,,,,,
Stock,,,,,,,,,,,,,,,,,,,,,
Number of enterprises:,,,,,,,,,,,,,,,,,,,,,
Stock,,,,,,,,,,,,,,,,,,,,,
,,,,,,,,,,,,,,,,,,,,,
Reference period:,,,,,,,,,,,,,,,,,,,,,
Operating income (NOK million),,,,,,,,,,,,,,,,,,,,,
31.12.,,,,,,,,,,,,,,,,,,,,,
Revenue (NOK million),,,,,,,,,,,,,,,,,,,,,
31.12.,,,,,,,,,,,,,,,,,,,,,
Operating expences (NOK million),,,,,,,,,,,,,,,,,,,,,
31.12.,,,,,,,,,,,,,,,,,,,,,
Raw materials and consumables used (NOK million),,,,,,,,,,,,,,,,,,,,,
31.12.,,,,,,,,,,,,,,,,,,,,,
Payroll expence (NOK million),,,,,,,,,,,,,,,,,,,,,
31.12.,,,,,,,,,,,,,,,,,,,,,
Depreciation and write down of tangible and intangible fixed assets (NOK million),,,,,,,,,,,,,,,,,,,,,
31.12.,,,,,,,,,,,,,,,,,,,,,
Operating profit (NOK million),,,,,,,,,,,,,,,,,,,,,
31.12.,,,,,,,,,,,,,,,,,,,,,
"Income from subsidiaries, other group entities and from associates (NOK million)",,,,,,,,,,,,,,,,,,,,,
31.12.,,,,,,,,,,,,,,,,,,,,,
Interest income (NOK million),,,,,,,,,,,,,,,,,,,,,
31.12.,,,,,,,,,,,,,,,,,,,,,
Interest expence (NOK million),,,,,,,,,,,,,,,,,,,,,
31.12.,,,,,,,,,,,,,,,,,,,,,
Write-down of financial assets (NOK million),,,,,,,,,,,,,,,,,,,,,
31.12.,,,,,,,,,,,,,,,,,,,,,
"Financial items, net (NOK million)",,,,,,,,,,,,,,,,,,,,,
31.12.,,,,,,,,,,,,,,,,,,,,,
Profit before tax (NOK million),,,,,,,,,,,,,,,,,,,,,
31.12.,,,,,,,,,,,,,,,,,,,,,
Ekstraordinary items (NOK million),,,,,,,,,,,,,,,,,,,,,
31.12.,,,,,,,,,,,,,,,,,,,,,
Tax (NOK million),,,,,,,,,,,,,,,,,,,,,
31.12.,,,,,,,,,,,,,,,,,,,,,
Net profit (NOK million),,,,,,,,,,,,,,,,,,,,,
31.12.,,,,,,,,,,,,,,,,,,,,,
Proposed dividends (NOK million),,,,,,,,,,,,,,,,,,,,,
31.12.,,,,,,,,,,,,,,,,,,,,,
Number of enterprises,,,,,,,,,,,,,,,,,,,,,
31.12.,,,,,,,,,,,,,,,,,,,,,
,,,,,,,,,,,,,,,,,,,,,
,,,,,,,,,,,,,,,,,,,,,
,,,,,,,,,,,,,,,,,,,,,
,,,,,,,,,,,,,,,,,,,,,
,,,,,,,,,,,,,,,,,,,,,
Official statistics,,,,,,,,,,,,,,,,,,,,,
,,,,,,,,,,,,,,,,,,,,,
Database:,,,,,,,,,,,,,,,,,,,,,
External PROD,,,,,,,,,,,,,,,,,,,,,
,,,,,,,,,,,,,,,,,,,,,
Internal reference code:,,,,,,,,,,,,,,,,,,,,,
DriftsInn,,,,,,,,,,,,,,,,,,,,,
